branch_id,branch_name,branch_code,demand_factor
100219110,Civil Engineering,CIVI,0.85
100224210,Computer Science and Engineering,COMP,0.85
100224610,Information Technology,INFO,0.85
100229310,Electrical Engineering,ELEC,0.85
100237210,Electronics and Telecommunication Engg,ELEC,0.85
100246610,Instrumentation Engineering,INST,0.85
100261210,Mechanical Engineering,MECH,0.85
100550310,Food Technology,FOOD,0.85
100551710,Oil and Paints Technology,OIL ,0.85
100552710,Petro Chemical Engineering,PETR,0.85
101219110,Civil Engineering,CIVI,0.85
101224510,Computer Engineering,COMP,0.85
101229310,Electrical Engineering,ELEC,0.85
101237210,Electronics and Telecommunication Engg,ELEC,0.85
101261210,Mechanical Engineering,MECH,0.85
110124210,Computer Science and Engineering,COMP,0.85
110124610,Information Technology,INFO,0.85
110135610,Electrical Engineering (Electronics and Power),ELEC,0.85
110135610,Electrical Engg[Electronics and Power],ELEC,0.85
110137210,Electronics and Telecommunication Engg,ELEC,0.85
110161210,Mechanical Engineering,MECH,0.85
110519110,Civil Engineering,CIVI,0.85
110524210,Computer Science and Engineering,COMP,0.85
110524610,Information Technology,INFO,0.85
110526310,Artificial Intelligence (AI) and Data Science,ARTI,0.85
110526710,Computer Science and Engineering (IoT),COMP,0.85
110537210,Electronics and Telecommunication Engg,ELEC,0.85
110561210,Mechanical Engineering,MECH,0.85
110719110,Civil Engineering,CIVI,0.85
110724210,Computer Science and Engineering,COMP,0.85
110729310,Electrical Engineering,ELEC,0.85
110737210,Electronics and Telecommunication Engg,ELEC,0.85
110761210,Mechanical Engineering,MECH,0.85
110791110,Computer Science and Engineering(Artificial Intelligence and Machine Learning),COMP,0.85
110799510,Artificial Intelligence and Data Science,ARTI,0.85
111419110,Civil Engineering,CIVI,0.85
111424210,Computer Science and Engineering,COMP,0.85
111424610,Information Technology,INFO,0.85
111426310,Artificial Intelligence (AI) and Data Science,ARTI,0.85
111437210,Electronics and Telecommunication Engg,ELEC,0.85
111461210,Mechanical Engineering,MECH,0.85
111619110,Civil Engineering,CIVI,0.85
111624210,Computer Science and Engineering,COMP,0.85
111624610,Information Technology,INFO,0.85
111650710,Chemical Engineering,CHEM,0.85
111661210,Mechanical Engineering,MECH,0.85
111719110,Civil Engineering,CIVI,0.85
111724210,Computer Science and Engineering,COMP,0.85
111735610,Electrical Engg[Electronics and Power],ELEC,0.85
111735610,Electrical Engineering (Electronics and Power),ELEC,0.85
111799510,Artificial Intelligence and Data Science,ARTI,0.85
111924210,Computer Science and Engineering,COMP,0.85
111924610,Information Technology,INFO,0.85
111937210,Electronics and Telecommunication Engg,ELEC,0.85
111950710,Chemical Engineering,CHEM,0.85
111961210,Mechanical Engineering,MECH,0.85
111999510,Artificial Intelligence and Data Science,ARTI,0.85
112019110,Civil Engineering,CIVI,0.85
112024210,Computer Science and Engineering,COMP,0.85
112029310,Electrical Engineering,ELEC,0.85
112037210,Electronics and Telecommunication Engg,ELEC,0.85
112050710,Chemical Engineering,CHEM,0.85
112061210,Mechanical Engineering,MECH,0.85
112089310,Textile Engineering / Technology,TEXT,0.85
112124210,Computer Science and Engineering,COMP,0.85
112124610,Information Technology,INFO,0.85
112137210,Electronics and Telecommunication Engg,ELEC,0.85
112161210,Mechanical Engineering,MECH,0.85
112319110,Civil Engineering,CIVI,0.85
112324210,Computer Science and Engineering,COMP,0.85
112337210,Electronics and Telecommunication Engg,ELEC,0.85
112356810,Computer Science and Information Technology,COMP,0.85
112361210,Mechanical Engineering,MECH,0.85
112399510,Artificial Intelligence and Data Science,ARTI,0.85
112519110,Civil Engineering,CIVI,0.85
112524210,Computer Science and Engineering,COMP,0.85
112526310,Artificial Intelligence (AI) and Data Science,ARTI,0.85
112529310,Electrical Engineering,ELEC,0.85
112561210,Mechanical Engineering,MECH,0.85
112619110,Civil Engineering,CIVI,0.85
112624210,Computer Science and Engineering,COMP,0.85
112629310,Electrical Engineering,ELEC,0.85
112684410,Electronics and Computer Engineering,ELEC,0.85
112719110,Civil Engineering,CIVI,0.85
112724210,Computer Science and Engineering,COMP,0.85
112724510,Computer Engineering,COMP,0.85
112729310,Electrical Engineering,ELEC,0.85
112737210,Electronics and Telecommunication Engg,ELEC,0.85
112761210,Mechanical Engineering,MECH,0.85
112791110,Computer Science and Engineering(Artificial Intelligence and Machine Learning),COMP,0.85
112799510,Artificial Intelligence and Data Science,ARTI,0.85
112819110,Civil Engineering,CIVI,0.85
112824210,Computer Science and Engineering,COMP,0.85
112824610,Information Technology,INFO,0.85
112829310,Electrical Engineering,ELEC,0.85
112837210,Electronics and Telecommunication Engg,ELEC,0.85
112891210,Computer Science and Engineering(Data Science),COMP,0.85
113019110,Civil Engineering,CIVI,0.85
113024210,Computer Science and Engineering,COMP,0.85
113035610,Electrical Engineering (Electronics and Power),ELEC,0.85
113037210,Electronics and Telecommunication Engg,ELEC,0.85
118019110,Civil Engineering,CIVI,0.85
118024210,Computer Science and Engineering,COMP,0.85
118026310,Artificial Intelligence (AI) and Data Science,ARTI,0.85
118219110,Civil Engineering,CIVI,0.85
118224210,Computer Science and Engineering,COMP,0.85
118229310,Electrical Engineering,ELEC,0.85
118261210,Mechanical Engineering,MECH,0.85
126519110,Civil Engineering,CIVI,0.85
126524210,Computer Science and Engineering,COMP,0.85
126524610,Information Technology,INFO,0.85
126535610,Electrical Engineering (Electronics and Power),ELEC,0.85
126535610,Electrical Engg[Electronics and Power],ELEC,0.85
126537210,Electronics and Telecommunication Engg,ELEC,0.85
126561210,Mechanical Engineering,MECH,0.85
126824210,Computer Science and Engineering,COMP,0.85
126835610,Electrical Engg[Electronics and Power],ELEC,0.85
126837210,Electronics and Telecommunication Engg,ELEC,0.85
126899510,Artificial Intelligence and Data Science,ARTI,0.85
127619110,Civil Engineering,CIVI,0.85
127624510,Computer Engineering,COMP,0.85
200819110,Civil Engineering,CIVI,0.85
200824210,Computer Science and Engineering,COMP,0.85
200824610,Information Technology,INFO,0.85
200829310,Electrical Engineering,ELEC,0.85
200837210,Electronics and Telecommunication Engg,ELEC,0.85
200861210,Mechanical Engineering,MECH,0.85
201524510,Computer Engineering,COMP,0.85
201537210,Electronics and Telecommunication Engg,ELEC,0.85
201599510,Artificial Intelligence and Data Science,ARTI,0.85
202019110,Civil Engineering,CIVI,0.85
202024210,Computer Science and Engineering,COMP,0.85
202024610,Information Technology,INFO,0.85
202029310,Electrical Engineering,ELEC,0.85
202037210,Electronics and Telecommunication Engg,ELEC,0.85
202046610,Instrumentation Engineering,INST,0.85
202050710,Chemical Engineering,CHEM,0.85
202060610,Production Engineering,PROD,0.85
202061210,Mechanical Engineering,MECH,0.85
202089610,Textile Technology,TEXT,0.85
202150310,Food Technology,FOOD,0.85
202181610,Pharmaceutical and Fine Chemical Technology,PHAR,0.85
203290410,Chemical Engineering,CHEM,0.85
211219110,Civil Engineering,CIVI,0.85
211224210,Computer Science and Engineering,COMP,0.85
211229310,Electrical Engineering,ELEC,0.85
211261210,Mechanical Engineering,MECH,0.85
211284410,Electronics and Computer Engineering,ELEC,0.85
211291110,Computer Science and Engineering(Artificial Intelligence and Machine Learning),COMP,0.85
211291210,Computer Science and Engineering(Data Science),COMP,0.85
211301110,Agricultural Engineering,AGRI,0.85
211319110,Civil Engineering,CIVI,0.85
211324210,Computer Science and Engineering,COMP,0.85
211325710,Computer Science and Design,COMP,0.85
211326310,Artificial Intelligence (AI) and Data Science,ARTI,0.85
211329310,Electrical Engineering,ELEC,0.85
211337210,Electronics and Telecommunication Engg,ELEC,0.85
211350110,Plastic and Polymer Engineering,PLAS,0.85
211361210,Mechanical Engineering,MECH,0.85
211362410,Mechatronics Engineering,MECH,0.85
211384410,Electronics and Computer Engineering,ELEC,0.85
211419110,Civil Engineering,CIVI,0.85
211424210,Computer Science and Engineering,COMP,0.85
211426310,Artificial Intelligence (AI) and Data Science,ARTI,0.85
211429310,Electrical Engineering,ELEC,0.85
211437210,Electronics and Telecommunication Engg,ELEC,0.85
211461210,Mechanical Engineering,MECH,0.85
211491110,Computer Science and Engineering(Artificial Intelligence and Machine Learning),COMP,0.85
211619110,Civil Engineering,CIVI,0.85
211624210,Computer Science and Engineering,COMP,0.85
211626310,Artificial Intelligence (AI) and Data Science,ARTI,0.85
211626610,Robotics and Artificial Intelligence,ROBO,0.85
211629310,Electrical Engineering,ELEC,0.85
211637210,Electronics and Telecommunication Engg,ELEC,0.85
211661210,Mechanical Engineering,MECH,0.85
211661510,Mechanical & Automation Engineering,MECH,0.85
211691110,Computer Science and Engineering(Artificial Intelligence and Machine Learning),COMP,0.85
212719110,Civil Engineering,CIVI,0.85
212724210,Computer Science and Engineering,COMP,0.85
212724610,Information Technology,INFO,0.85
212737210,Electronics and Telecommunication Engg,ELEC,0.85
212761210,Mechanical Engineering,MECH,0.85
212791610,Automation and Robotics,AUTO,0.85
212792110,Artificial Intelligence and Machine Learning,ARTI,0.85
212799510,Artificial Intelligence and Data Science,ARTI,0.85
212919110,Civil Engineering,CIVI,0.85
212924210,Computer Science and Engineering,COMP,0.85
212924610,Information Technology,INFO,0.85
212929310,Electrical Engineering,ELEC,0.85
212937210,Electronics and Telecommunication Engg,ELEC,0.85
212961210,Mechanical Engineering,MECH,0.85
212991110,Computer Science and Engineering(Artificial Intelligence and Machine Learning),COMP,0.85
213019110,Civil Engineering,CIVI,0.85
213024210,Computer Science and Engineering,COMP,0.85
213037210,Electronics and Telecommunication Engg,ELEC,0.85
213061210,Mechanical Engineering,MECH,0.85
213099510,Artificial Intelligence and Data Science,ARTI,0.85
213119110,Civil Engineering,CIVI,0.85
213124210,Computer Science and Engineering,COMP,0.85
213137210,Electronics and Telecommunication Engg,ELEC,0.85
213319110,Civil Engineering,CIVI,0.85
213324210,Computer Science and Engineering,COMP,0.85
213329310,Electrical Engineering,ELEC,0.85
213337210,Electronics and Telecommunication Engg,ELEC,0.85
213361210,Mechanical Engineering,MECH,0.85
213391710,Data Science,DATA,0.85
213399710,Artificial Intelligence,ARTI,0.85
213419110,Civil Engineering,CIVI,0.85
213424210,Computer Science and Engineering,COMP,0.85
213429310,Electrical Engineering,ELEC,0.85
213437810,Electronics Engineering ( VLSI Design and Technology),ELEC,0.85
213461210,Mechanical Engineering,MECH,0.85
213484410,Electronics and Computer Engineering,ELEC,0.85
213491210,Computer Science and Engineering(Data Science),COMP,0.85
213519110,Civil Engineering,CIVI,0.85
213524210,Computer Science and Engineering,COMP,0.85
213561210,Mechanical Engineering,MECH,0.85
213591110,Computer Science and Engineering(Artificial Intelligence and Machine Learning),COMP,0.85
213619110,Civil Engineering,CIVI,0.85
213624210,Computer Science and Engineering,COMP,0.85
213624610,Information Technology,INFO,0.85
213629310,Electrical Engineering,ELEC,0.85
213661210,Mechanical Engineering,MECH,0.85
213691210,Computer Science and Engineering(Data Science),COMP,0.85
213692110,Artificial Intelligence and Machine Learning,ARTI,0.85
213719110,Civil Engineering,CIVI,0.85
213724210,Computer Science and Engineering,COMP,0.85
213729710,Electrical and Electronics Engineering,ELEC,0.85
213824210,Computer Science and Engineering,COMP,0.85
213829310,Electrical Engineering,ELEC,0.85
213861210,Mechanical Engineering,MECH,0.85
214619110,Civil Engineering,CIVI,0.85
214624210,Computer Science and Engineering,COMP,0.85
214661210,Mechanical Engineering,MECH,0.85
218919110,Civil Engineering,CIVI,0.85
218937210,Electronics and Telecommunication Engg,ELEC,0.85
218992510,Computer Science and Engineering (Artificial Intelligence and Data Science),COMP,0.85
225019110,Civil Engineering,CIVI,0.85
225024210,Computer Science and Engineering,COMP,0.85
225029310,Electrical Engineering,ELEC,0.85
225037210,Electronics and Telecommunication Engg,ELEC,0.85
225061210,Mechanical Engineering,MECH,0.85
225099510,Artificial Intelligence and Data Science,ARTI,0.85
225219110,Civil Engineering,CIVI,0.85
225224210,Computer Science and Engineering,COMP,0.85
225229710,Electrical and Electronics Engineering,ELEC,0.85
225261210,Mechanical Engineering,MECH,0.85
225419110,Civil Engineering,CIVI,0.85
225424510,Computer Engineering,COMP,0.85
225424610,Information Technology,INFO,0.85
225429310,Electrical Engineering,ELEC,0.85
225437210,Electronics and Telecommunication Engg,ELEC,0.85
225461210,Mechanical Engineering,MECH,0.85
228224510,Computer Engineering,COMP,0.85
228229310,Electrical Engineering,ELEC,0.85
228290010,Electronics and Computer Science,ELEC,0.85
250824210,Computer Science and Engineering,COMP,0.85
250850310,Food Technology,FOOD,0.85
250890610,Civil Engineering (Structural Engineering),CIVI,0.85
250890710,Food Engineering,FOOD,0.85
250890810,Mechanical and Automation Engineering,MECH,0.85
250890910,Electronics & Telecommunication Engineering,ELEC,0.85
250891110,Computer Science and Engineering(Artificial Intelligence and Machine Learning),COMP,0.85
250891410,Safety and Fire Engineering,SAFE,0.85
250893710,Electrical Engineering,ELEC,0.85
251624210,Computer Science and Engineering,COMP,0.85
251661210,Mechanical Engineering,MECH,0.85
251692110,Artificial Intelligence and Machine Learning,ARTI,0.85
252219110,Civil Engineering,CIVI,0.85
252224510,Computer Engineering,COMP,0.85
252224610,Information Technology,INFO,0.85
252237210,Electronics and Telecommunication Engg,ELEC,0.85
252299510,Artificial Intelligence and Data Science,ARTI,0.85
253319110,Civil Engineering,CIVI,0.85
253324210,Computer Science and Engineering,COMP,0.85
253329310,Electrical Engineering,ELEC,0.85
253337810,Electronics Engineering ( VLSI Design and Technology),ELEC,0.85
253361210,Mechanical Engineering,MECH,0.85
253384410,Electronics and Computer Engineering,ELEC,0.85
253392810,Electronics and Communication(Advanced Communication Technology),ELEC,0.85
253399510,Artificial Intelligence and Data Science,ARTI,0.85
263429310,Electrical Engineering,ELEC,0.85
263492110,Artificial Intelligence and Machine Learning,ARTI,0.85
263719110,Civil Engineering,CIVI,0.85
263724510,Computer Engineering,COMP,0.85
263724610,Information Technology,INFO,0.85
264119110,Civil Engineering,CIVI,0.85
264124210,Computer Science and Engineering,COMP,0.85
264129310,Electrical Engineering,ELEC,0.85
264199710,Artificial Intelligence,ARTI,0.85
266624610,Information Technology,INFO,0.85
266656610,Computer Science,COMP,0.85
266692110,Artificial Intelligence and Machine Learning,ARTI,0.85
275824210,Computer Science and Engineering,COMP,0.85
277029310,Electrical Engineering,ELEC,0.85
277099510,Artificial Intelligence and Data Science,ARTI,0.85
277219110,Civil Engineering,CIVI,0.85
277224510,Computer Engineering,COMP,0.85
277237210,Electronics and Telecommunication Engg,ELEC,0.85
277292110,Artificial Intelligence and Machine Learning,ARTI,0.85
277724210,Computer Science and Engineering,COMP,0.85
277761210,Mechanical Engineering,MECH,0.85
277799710,Artificial Intelligence,ARTI,0.85
277919110,Civil Engineering,CIVI,0.85
277924210,Computer Science and Engineering,COMP,0.85
277924610,Information Technology,INFO,0.85
277937210,Electronics and Telecommunication Engg,ELEC,0.85
277999510,Artificial Intelligence and Data Science,ARTI,0.85
280537210,Electronics and Telecommunication Engg,ELEC,0.85
280556610,Computer Science,COMP,0.85
280599510,Artificial Intelligence and Data Science,ARTI,0.85
301219110,Civil Engineering,CIVI,0.85
301224510,Computer Engineering,COMP,0.85
301224610,Information Technology,INFO,0.85
301229310,Electrical Engineering,ELEC,0.85
301237210,Electronics and Telecommunication Engg,ELEC,0.85
301237610,Electronics Engineering,ELEC,0.85
301261210,Mechanical Engineering,MECH,0.85
301262610,Production Engineering[Sandwich],PROD,0.85
301289610,Textile Technology,TEXT,0.85
301419110,Civil Engineering,CIVI,0.85
301429310,Electrical Engineering,ELEC,0.85
301461210,Mechanical Engineering,MECH,0.85
303319110,Civil Engineering,CIVI,0.85
303324510,Computer Engineering,COMP,0.85
303324610,Information Technology,INFO,0.85
303329310,Electrical Engineering,ELEC,0.85
303337210,Electronics and Telecommunication Engg,ELEC,0.85
303337810,Electronics Engineering ( VLSI Design and Technology),ELEC,0.85
303350710,Chemical Engineering,CHEM,0.85
303352710,Petro Chemical Engineering,PETR,0.85
303361210,Mechanical Engineering,MECH,0.85
303390510,Computer Science and Engineering,COMP,0.85
303650710,Chemical Engineering,CHEM,0.85
303651110,Dyestuff Technology,DYES,0.85
303651210,"Oil,Oleochemicals and Surfactants Technology","OIL,",0.85
303651310,Pharmaceuticals Chemistry and Technology,PHAR,0.85
303651410,Fibres and Textile Processing Technology,FIBR,0.85
303651910,Polymer Engineering and Technology,POLY,0.85
303653410,Food Engineering and Technology,FOOD,0.85
303672910,Surface Coating Technology,SURF,0.85
304229310,Electrical Engineering,ELEC,0.85
304250410,Food Technology And Management,FOOD,0.85
304262410,Mechatronics Engineering,MECH,0.85
304291810,Civil and infrastructure Engineering,CIVI,0.85
304299510,Artificial Intelligence and Data Science,ARTI,0.85
313524510,Computer Engineering,COMP,0.85
313524610,Information Technology,INFO,0.85
313537210,Electronics and Telecommunication Engg,ELEC,0.85
313561210,Mechanical Engineering,MECH,0.85
313599510,Artificial Intelligence and Data Science,ARTI,0.85
313924510,Computer Engineering,COMP,0.85
313924610,Information Technology,INFO,0.85
313937210,Electronics and Telecommunication Engg,ELEC,0.85
313946110,Bio Medical Engineering,BIO ,0.85
313990010,Electronics and Computer Science,ELEC,0.85
314600210,Aeronautical Engineering,AERO,0.85
314624510,Computer Engineering,COMP,0.85
314624610,Information Technology,INFO,0.85
314637210,Electronics and Telecommunication Engg,ELEC,0.85
314661210,Mechanical Engineering,MECH,0.85
314692010,Computer Science and Engineering (Internet of Things and Cyber Security Including Block Chain,COMP,0.85
314699510,Artificial Intelligence and Data Science,ARTI,0.85
314719110,Civil Engineering,CIVI,0.85
314724510,Computer Engineering,COMP,0.85
314724610,Information Technology,INFO,0.85
314761210,Mechanical Engineering,MECH,0.85
314791710,Data Science,DATA,0.85
314792110,Artificial Intelligence and Machine Learning,ARTI,0.85
314824510,Computer Engineering,COMP,0.85
314824610,Information Technology,INFO,0.85
314825210,Cyber Security,CYBE,0.85
314837210,Electronics and Telecommunication Engg,ELEC,0.85
314837810,Electronics Engineering ( VLSI Design and Technology),ELEC,0.85
314890010,Electronics and Computer Science,ELEC,0.85
314893310,Electronics and Communication (Advanced Communication Technology),ELEC,0.85
314899510,Artificial Intelligence and Data Science,ARTI,0.85
315419110,Civil Engineering,CIVI,0.85
315424510,Computer Engineering,COMP,0.85
315424610,Information Technology,INFO,0.85
315460210,Automobile Engineering,AUTO,0.85
315461210,Mechanical Engineering,MECH,0.85
315491110,Computer Science and Engineering(Artificial Intelligence and Machine Learning),COMP,0.85
315491210,Computer Science and Engineering(Data Science),COMP,0.85
317519110,Civil Engineering,CIVI,0.85
317524510,Computer Engineering,COMP,0.85
317524610,Information Technology,INFO,0.85
317529310,Electrical Engineering,ELEC,0.85
317537210,Electronics and Telecommunication Engg,ELEC,0.85
317546110,Bio Medical Engineering,BIO ,0.85
317550710,Chemical Engineering,CHEM,0.85
317561210,Mechanical Engineering,MECH,0.85
317591110,Computer Science and Engineering(Artificial Intelligence and Machine Learning),COMP,0.85
317591210,Computer Science and Engineering(Data Science),COMP,0.85
317591610,Automation and Robotics,AUTO,0.85
317619110,Civil Engineering,CIVI,0.85
317624510,Computer Engineering,COMP,0.85
317624610,Information Technology,INFO,0.85
317625910,Mechanical and Mechatronics Engineering (Additive Manufacturing),MECH,0.85
317626710,Computer Science and Engineering (IoT),COMP,0.85
317637210,Electronics and Telecommunication Engg,ELEC,0.85
317661210,Mechanical Engineering,MECH,0.85
317690010,Electronics and Computer Science,ELEC,0.85
317691010,Computer Science and Engineering(Cyber Security),COMP,0.85
317692110,Artificial Intelligence and Machine Learning,ARTI,0.85
317699510,Artificial Intelligence and Data Science,ARTI,0.85
318424210,Computer Science and Engineering,COMP,0.85
318424510,Computer Engineering,COMP,0.85
318461210,Mechanical Engineering,MECH,0.85
318490010,Electronics and Computer Science,ELEC,0.85
318524510,Computer Engineering,COMP,0.85
318524610,Information Technology,INFO,0.85
318537210,Electronics and Telecommunication Engg,ELEC,0.85
318590010,Electronics and Computer Science,ELEC,0.85
318591610,Automation and Robotics,AUTO,0.85
318599510,Artificial Intelligence and Data Science,ARTI,0.85
318719110,Civil Engineering,CIVI,0.85
318724510,Computer Engineering,COMP,0.85
318724610,Information Technology,INFO,0.85
318737210,Electronics and Telecommunication Engg,ELEC,0.85
318750710,Chemical Engineering,CHEM,0.85
318761210,Mechanical Engineering,MECH,0.85
318799510,Artificial Intelligence and Data Science,ARTI,0.85
318824510,Computer Engineering,COMP,0.85
318824610,Information Technology,INFO,0.85
318837210,Electronics and Telecommunication Engg,ELEC,0.85
318862410,Mechatronics Engineering,MECH,0.85
318890010,Electronics and Computer Science,ELEC,0.85
318891110,Computer Science and Engineering(Artificial Intelligence and Machine Learning),COMP,0.85
318924510,Computer Engineering,COMP,0.85
318924610,Information Technology,INFO,0.85
318937210,Electronics and Telecommunication Engg,ELEC,0.85
318946610,Instrumentation Engineering,INST,0.85
318950710,Chemical Engineering,CHEM,0.85
318961210,Mechanical Engineering,MECH,0.85
319019110,Civil Engineering,CIVI,0.85
319024510,Computer Engineering,COMP,0.85
319024610,Information Technology,INFO,0.85
319026310,Artificial Intelligence (AI) and Data Science,ARTI,0.85
319037210,Electronics and Telecommunication Engg,ELEC,0.85
319037610,Electronics Engineering,ELEC,0.85
319061210,Mechanical Engineering,MECH,0.85
319062410,Mechatronics Engineering,MECH,0.85
319224510,Computer Engineering,COMP,0.85
319226310,Artificial Intelligence (AI) and Data Science,ARTI,0.85
319229310,Electrical Engineering,ELEC,0.85
319261210,Mechanical Engineering,MECH,0.85
319291110,Computer Science and Engineering(Artificial Intelligence and Machine Learning),COMP,0.85
319292010,Computer Science and Engineering (Internet of Things and Cyber Security Including Block Chain,COMP,0.85
319324510,Computer Engineering,COMP,0.85
319324610,Information Technology,INFO,0.85
319337210,Electronics and Telecommunication Engg,ELEC,0.85
319392110,Artificial Intelligence and Machine Learning,ARTI,0.85
319419110,Civil Engineering,CIVI,0.85
319424510,Computer Engineering,COMP,0.85
319424610,Information Technology,INFO,0.85
319437210,Electronics and Telecommunication Engg,ELEC,0.85
319461210,Mechanical Engineering,MECH,0.85
319491210,Computer Science and Engineering(Data Science),COMP,0.85
319499510,Artificial Intelligence and Data Science,ARTI,0.85
319624510,Computer Engineering,COMP,0.85
319629310,Electrical Engineering,ELEC,0.85
319637210,Electronics and Telecommunication Engg,ELEC,0.85
319661210,Mechanical Engineering,MECH,0.85
319691110,Computer Science and Engineering(Artificial Intelligence and Machine Learning),COMP,0.85
319691210,Computer Science and Engineering(Data Science),COMP,0.85
319692010,Computer Science and Engineering (Internet of Things and Cyber Security Including Block Chain,COMP,0.85
319724210,Computer Science and Engineering,COMP,0.85
319724510,Computer Engineering,COMP,0.85
319729310,Electrical Engineering,ELEC,0.85
319737210,Electronics and Telecommunication Engg,ELEC,0.85
319761210,Mechanical Engineering,MECH,0.85
319824210,Computer Science and Engineering,COMP,0.85
319824510,Computer Engineering,COMP,0.85
319824610,Information Technology,INFO,0.85
319899510,Artificial Intelligence and Data Science,ARTI,0.85
319924510,Computer Engineering,COMP,0.85
319924610,Information Technology,INFO,0.85
319926310,Artificial Intelligence (AI) and Data Science,ARTI,0.85
319937210,Electronics and Telecommunication Engg,ELEC,0.85
319961210,Mechanical Engineering,MECH,0.85
319991210,Computer Science and Engineering(Data Science),COMP,0.85
319992010,Computer Science and Engineering (Internet of Things and Cyber Security Including Block Chain,COMP,0.85
319992110,Artificial Intelligence and Machine Learning,ARTI,0.85
320024610,Information Technology,INFO,0.85
320029310,Electrical Engineering,ELEC,0.85
320037210,Electronics and Telecommunication Engg,ELEC,0.85
320050710,Chemical Engineering,CHEM,0.85
320061210,Mechanical Engineering,MECH,0.85
320091010,Computer Science and Engineering(Cyber Security),COMP,0.85
320091110,Computer Science and Engineering(Artificial Intelligence and Machine Learning),COMP,0.85
320224510,Computer Engineering,COMP,0.85
320261210,Mechanical Engineering,MECH,0.85
320324510,Computer Engineering,COMP,0.85
320324610,Information Technology,INFO,0.85
320329310,Electrical Engineering,ELEC,0.85
320337210,Electronics and Telecommunication Engg,ELEC,0.85
320390010,Electronics and Computer Science,ELEC,0.85
320424510,Computer Engineering,COMP,0.85
320424610,Information Technology,INFO,0.85
320429310,Electrical Engineering,ELEC,0.85
320437210,Electronics and Telecommunication Engg,ELEC,0.85
320461210,Mechanical Engineering,MECH,0.85
320490010,Electronics and Computer Science,ELEC,0.85
320492110,Artificial Intelligence and Machine Learning,ARTI,0.85
320624510,Computer Engineering,COMP,0.85
320629310,Electrical Engineering,ELEC,0.85
320656610,Computer Science,COMP,0.85
320661210,Mechanical Engineering,MECH,0.85
320690010,Electronics and Computer Science,ELEC,0.85
320691110,Computer Science and Engineering(Artificial Intelligence and Machine Learning),COMP,0.85
320824510,Computer Engineering,COMP,0.85
320824610,Information Technology,INFO,0.85
320837210,Electronics and Telecommunication Engg,ELEC,0.85
320861210,Mechanical Engineering,MECH,0.85
321124510,Computer Engineering,COMP,0.85
321124610,Information Technology,INFO,0.85
321126310,Artificial Intelligence (AI) and Data Science,ARTI,0.85
321137210,Electronics and Telecommunication Engg,ELEC,0.85
321190010,Electronics and Computer Science,ELEC,0.85
321192010,Computer Science and Engineering (Internet of Things and Cyber Security Including Block Chain,COMP,0.85
321192110,Artificial Intelligence and Machine Learning,ARTI,0.85
321424510,Computer Engineering,COMP,0.85
321424610,Information Technology,INFO,0.85
321484410,Electronics and Computer Engineering,ELEC,0.85
321492010,Computer Science and Engineering (Internet of Things and Cyber Security Including Block Chain,COMP,0.85
321524210,Computer Science and Engineering,COMP,0.85
321524510,Computer Engineering,COMP,0.85
321537210,Electronics and Telecommunication Engg,ELEC,0.85
321619110,Civil Engineering,CIVI,0.85
321624510,Computer Engineering,COMP,0.85
321626010,Computer Science and Engineering (Cyber Security),COMP,0.85
321650710,Chemical Engineering,CHEM,0.85
321661210,Mechanical Engineering,MECH,0.85
321691110,Computer Science and Engineering(Artificial Intelligence and Machine Learning),COMP,0.85
321719110,Civil Engineering,CIVI,0.85
321724510,Computer Engineering,COMP,0.85
321819110,Civil Engineering,CIVI,0.85
321824510,Computer Engineering,COMP,0.85
321824610,Information Technology,INFO,0.85
321861210,Mechanical Engineering,MECH,0.85
321890010,Electronics and Computer Science,ELEC,0.85
321891210,Computer Science and Engineering(Data Science),COMP,0.85
321892110,Artificial Intelligence and Machine Learning,ARTI,0.85
322025210,Cyber Security,CYBE,0.85
322061210,Mechanical Engineering,MECH,0.85
322119110,Civil Engineering,CIVI,0.85
322124510,Computer Engineering,COMP,0.85
322137210,Electronics and Telecommunication Engg,ELEC,0.85
322161210,Mechanical Engineering,MECH,0.85
322191110,Computer Science and Engineering(Artificial Intelligence and Machine Learning),COMP,0.85
322192610,Electrical and Computer Engineering,ELEC,0.85
322319110,Civil Engineering,CIVI,0.85
322324510,Computer Engineering,COMP,0.85
322324610,Information Technology,INFO,0.85
322361210,Mechanical Engineering,MECH,0.85
322390010,Electronics and Computer Science,ELEC,0.85
322392610,Electrical and Computer Engineering,ELEC,0.85
322399510,Artificial Intelligence and Data Science,ARTI,0.85
322424510,Computer Engineering,COMP,0.85
322456810,Computer Science and Information Technology,COMP,0.85
322491110,Computer Science and Engineering(Artificial Intelligence and Machine Learning),COMP,0.85
322492010,Computer Science and Engineering (Internet of Things and Cyber Security Including Block Chain,COMP,0.85
325724510,Computer Engineering,COMP,0.85
325724610,Information Technology,INFO,0.85
335124510,Computer Engineering,COMP,0.85
335324610,Information Technology,INFO,0.85
335392110,Artificial Intelligence and Machine Learning,ARTI,0.85
342324510,Computer Engineering,COMP,0.85
342324610,Information Technology,INFO,0.85
342325810,Civil Engineering with Computer Application,CIVI,0.85
342326010,Computer Science and Engineering (Cyber Security),COMP,0.85
342337210,Electronics and Telecommunication Engg,ELEC,0.85
342361210,Mechanical Engineering,MECH,0.85
342390010,Electronics and Computer Science,ELEC,0.85
342391210,Computer Science and Engineering(Data Science),COMP,0.85
342392110,Artificial Intelligence and Machine Learning,ARTI,0.85
342392510,Computer Science and Engineering (Artificial Intelligence and Data Science),COMP,0.85
343624510,Computer Engineering,COMP,0.85
343691110,Computer Science and Engineering(Artificial Intelligence and Machine Learning),COMP,0.85
343919110,Civil Engineering,CIVI,0.85
343924510,Computer Engineering,COMP,0.85
343961210,Mechanical Engineering,MECH,0.85
343990010,Electronics and Computer Science,ELEC,0.85
343991110,Computer Science and Engineering(Artificial Intelligence and Machine Learning),COMP,0.85
343991210,Computer Science and Engineering(Data Science),COMP,0.85
343992610,Electrical and Computer Engineering,ELEC,0.85
344724510,Computer Engineering,COMP,0.85
344761210,Mechanical Engineering,MECH,0.85
346261210,Mechanical Engineering,MECH,0.85
346524210,Computer Science and Engineering,COMP,0.85
346724510,Computer Engineering,COMP,0.85
346791110,Computer Science and Engineering(Artificial Intelligence and Machine Learning),COMP,0.85
347024210,Computer Science and Engineering,COMP,0.85
347024510,Computer Engineering,COMP,0.85
347029310,Electrical Engineering,ELEC,0.85
347092110,Artificial Intelligence and Machine Learning,ARTI,0.85
347119110,Civil Engineering,CIVI,0.85
347124510,Computer Engineering,COMP,0.85
347124610,Information Technology,INFO,0.85
347125710,Computer Science and Design,COMP,0.85
347199510,Artificial Intelligence and Data Science,ARTI,0.85
347724510,Computer Engineering,COMP,0.85
347791710,Data Science,DATA,0.85
347792110,Artificial Intelligence and Machine Learning,ARTI,0.85
354624510,Computer Engineering,COMP,0.85
372399510,Artificial Intelligence and Data Science,ARTI,0.85
372524210,Computer Science and Engineering,COMP,0.85
372524610,Information Technology,INFO,0.85
372591110,Computer Science and Engineering(Artificial Intelligence and Machine Learning),COMP,0.85
372629310,Electrical Engineering,ELEC,0.85
372699510,Artificial Intelligence and Data Science,ARTI,0.85
400419110,Civil Engineering,CIVI,0.85
400424210,Computer Science and Engineering,COMP,0.85
400429310,Electrical Engineering,ELEC,0.85
400437210,Electronics and Telecommunication Engg,ELEC,0.85
400446610,Instrumentation Engineering,INST,0.85
400461210,Mechanical Engineering,MECH,0.85
402519110,Civil Engineering,CIVI,0.85
402524210,Computer Science and Engineering,COMP,0.85
402529310,Electrical Engineering,ELEC,0.85
402537210,Electronics and Telecommunication Engg,ELEC,0.85
402561210,Mechanical Engineering,MECH,0.85
402661710,Manufacturing Technology,MANU,0.85
402669210,Metallurgical Engineering,META,0.85
402670110,Mining Engineering,MINI,0.85
402693710,Computer Science and Social Sciences,COMP,0.85
410419110,Civil Engineering,CIVI,0.85
410424610,Information Technology,INFO,0.85
410425110,Computer Technology,COMP,0.85
410429310,Electrical Engineering,ELEC,0.85
410437010,Electronics and Communication Engineering,ELEC,0.85
410461210,Mechanical Engineering,MECH,0.85
410490010,Electronics and Computer Science,ELEC,0.85
410491110,Computer Science and Engineering(Artificial Intelligence and Machine Learning),COMP,0.85
411619110,Civil Engineering,CIVI,0.85
411624210,Computer Science and Engineering,COMP,0.85
411624610,Information Technology,INFO,0.85
411626010,Computer Science and Engineering (Cyber Security),COMP,0.85
411626710,Computer Science and Engineering (IoT),COMP,0.85
411629310,Electrical Engineering,ELEC,0.85
411637210,Electronics and Telecommunication Engg,ELEC,0.85
411637610,Electronics Engineering,ELEC,0.85
411661210,Mechanical Engineering,MECH,0.85
411691110,Computer Science and Engineering(Artificial Intelligence and Machine Learning),COMP,0.85
411691310,Computer Science and Engineering (Artificial Intelligence),COMP,0.85
411691710,Data Science,DATA,0.85
411699710,Artificial Intelligence,ARTI,0.85
411824510,Computer Engineering,COMP,0.85
412300210,Aeronautical Engineering,AERO,0.85
412308210,Bio Technology,BIO ,0.85
412319110,Civil Engineering,CIVI,0.85
412324210,Computer Science and Engineering,COMP,0.85
412324610,Information Technology,INFO,0.85
412325110,Computer Technology,COMP,0.85
412326510,Industrial IoT,INDU,0.85
412326610,Robotics and Artificial Intelligence,ROBO,0.85
412329310,Electrical Engineering,ELEC,0.85
412337010,Electronics and Communication Engineering,ELEC,0.85
412337210,Electronics and Telecommunication Engg,ELEC,0.85
412350710,Chemical Engineering,CHEM,0.85
412361210,Mechanical Engineering,MECH,0.85
412399510,Artificial Intelligence and Data Science,ARTI,0.85
413319110,Civil Engineering,CIVI,0.85
413324210,Computer Science and Engineering,COMP,0.85
413324510,Computer Engineering,COMP,0.85
413329310,Electrical Engineering,ELEC,0.85
413337210,Electronics and Telecommunication Engg,ELEC,0.85
413361210,Mechanical Engineering,MECH,0.85
413399510,Artificial Intelligence and Data Science,ARTI,0.85
413424210,Computer Science and Engineering,COMP,0.85
413437210,Electronics and Telecommunication Engg,ELEC,0.85
413491210,Computer Science and Engineering(Data Science),COMP,0.85
413499710,Artificial Intelligence,ARTI,0.85
413519110,Civil Engineering,CIVI,0.85
413524210,Computer Science and Engineering,COMP,0.85
413524610,Information Technology,INFO,0.85
413529310,Electrical Engineering,ELEC,0.85
413537210,Electronics and Telecommunication Engg,ELEC,0.85
413561210,Mechanical Engineering,MECH,0.85
413591210,Computer Science and Engineering(Data Science),COMP,0.85
413592110,Artificial Intelligence and Machine Learning,ARTI,0.85
413724210,Computer Science and Engineering,COMP,0.85
413724610,Information Technology,INFO,0.85
413729310,Electrical Engineering,ELEC,0.85
413737210,Electronics and Telecommunication Engg,ELEC,0.85
413761210,Mechanical Engineering,MECH,0.85
413791110,Computer Science and Engineering(Artificial Intelligence and Machine Learning),COMP,0.85
413791210,Computer Science and Engineering(Data Science),COMP,0.85
413819110,Civil Engineering,CIVI,0.85
413824210,Computer Science and Engineering,COMP,0.85
413824610,Information Technology,INFO,0.85
413826010,Computer Science and Engineering (Cyber Security),COMP,0.85
413829310,Electrical Engineering,ELEC,0.85
413837210,Electronics and Telecommunication Engg,ELEC,0.85
413861210,Mechanical Engineering,MECH,0.85
413891210,Computer Science and Engineering(Data Science),COMP,0.85
413899710,Artificial Intelligence,ARTI,0.85
413924210,Computer Science and Engineering,COMP,0.85
413929310,Electrical Engineering,ELEC,0.85
413961210,Mechanical Engineering,MECH,0.85
413984410,Electronics and Computer Engineering,ELEC,0.85
413991110,Computer Science and Engineering(Artificial Intelligence and Machine Learning),COMP,0.85
413992510,Computer Science and Engineering (Artificial Intelligence and Data Science),COMP,0.85
414119110,Civil Engineering,CIVI,0.85
414219110,Civil Engineering,CIVI,0.85
414224210,Computer Science and Engineering,COMP,0.85
414224610,Information Technology,INFO,0.85
414229310,Electrical Engineering,ELEC,0.85
414237210,Electronics and Telecommunication Engg,ELEC,0.85
414261210,Mechanical Engineering,MECH,0.85
414291010,Computer Science and Engineering(Cyber Security),COMP,0.85
414291710,Data Science,DATA,0.85
414299710,Artificial Intelligence,ARTI,0.85
414319110,Civil Engineering,CIVI,0.85
414324210,Computer Science and Engineering,COMP,0.85
414324510,Computer Engineering,COMP,0.85
414329310,Electrical Engineering,ELEC,0.85
414337210,Electronics and Telecommunication Engg,ELEC,0.85
414361210,Mechanical Engineering,MECH,0.85
414399510,Artificial Intelligence and Data Science,ARTI,0.85
414424210,Computer Science and Engineering,COMP,0.85
414424610,Information Technology,INFO,0.85
414461210,Mechanical Engineering,MECH,0.85
414519110,Civil Engineering,CIVI,0.85
414524210,Computer Science and Engineering,COMP,0.85
414529310,Electrical Engineering,ELEC,0.85
414537210,Electronics and Telecommunication Engg,ELEC,0.85
414561210,Mechanical Engineering,MECH,0.85
414591110,Computer Science and Engineering(Artificial Intelligence and Machine Learning),COMP,0.85
414599510,Artificial Intelligence and Data Science,ARTI,0.85
414719110,Civil Engineering,CIVI,0.85
414724210,Computer Science and Engineering,COMP,0.85
414724610,Information Technology,INFO,0.85
414729310,Electrical Engineering,ELEC,0.85
414737210,Electronics and Telecommunication Engg,ELEC,0.85
414761210,Mechanical Engineering,MECH,0.85
414799510,Artificial Intelligence and Data Science,ARTI,0.85
415100210,Aeronautical Engineering,AERO,0.85
415108210,Bio Technology,BIO ,0.85
415119110,Civil Engineering,CIVI,0.85
415124210,Computer Science and Engineering,COMP,0.85
415124610,Information Technology,INFO,0.85
415129310,Electrical Engineering,ELEC,0.85
415137010,Electronics and Communication Engineering,ELEC,0.85
415161210,Mechanical Engineering,MECH,0.85
415190010,Electronics and Computer Science,ELEC,0.85
415191010,Computer Science and Engineering(Cyber Security),COMP,0.85
415191210,Computer Science and Engineering(Data Science),COMP,0.85
415192110,Artificial Intelligence and Machine Learning,ARTI,0.85
416319110,Civil Engineering,CIVI,0.85
416324210,Computer Science and Engineering,COMP,0.85
416329310,Electrical Engineering,ELEC,0.85
416361210,Mechanical Engineering,MECH,0.85
416370110,Mining Engineering,MINI,0.85
416391110,Computer Science and Engineering(Artificial Intelligence and Machine Learning),COMP,0.85
416391210,Computer Science and Engineering(Data Science),COMP,0.85
416719110,Civil Engineering,CIVI,0.85
416724210,Computer Science and Engineering,COMP,0.85
416724610,Information Technology,INFO,0.85
416725110,Computer Technology,COMP,0.85
416725710,Computer Science and Design,COMP,0.85
416726710,Computer Science and Engineering (IoT),COMP,0.85
416735610,Electrical Engineering (Electronics and Power),ELEC,0.85
416737210,Electronics and Telecommunication Engg,ELEC,0.85
416737610,Electronics Engineering,ELEC,0.85
416737810,Electronics Engineering ( VLSI Design and Technology),ELEC,0.85
416761210,Mechanical Engineering,MECH,0.85
416791110,Computer Science and Engineering(Artificial Intelligence and Machine Learning),COMP,0.85
416799510,Artificial Intelligence and Data Science,ARTI,0.85
417419110,Civil Engineering,CIVI,0.85
417424210,Computer Science and Engineering,COMP,0.85
417424610,Information Technology,INFO,0.85
417426010,Computer Science and Engineering (Cyber Security),COMP,0.85
417426210,Computer Science and Business Systems,COMP,0.85
417426510,Industrial IoT,INDU,0.85
417426610,Robotics and Artificial Intelligence,ROBO,0.85
417429310,Electrical Engineering,ELEC,0.85
417437210,Electronics and Telecommunication Engg,ELEC,0.85
417461210,Mechanical Engineering,MECH,0.85
417491210,Computer Science and Engineering(Data Science),COMP,0.85
417499710,Artificial Intelligence,ARTI,0.85
417519110,Civil Engineering,CIVI,0.85
417537210,Electronics and Telecommunication Engg,ELEC,0.85
417599710,Artificial Intelligence,ARTI,0.85
417719110,Civil Engineering,CIVI,0.85
417724210,Computer Science and Engineering,COMP,0.85
417724610,Information Technology,INFO,0.85
417729310,Electrical Engineering,ELEC,0.85
417737010,Electronics and Communication Engineering,ELEC,0.85
417737210,Electronics and Telecommunication Engg,ELEC,0.85
417761210,Mechanical Engineering,MECH,0.85
417799710,Artificial Intelligence,ARTI,0.85
418119110,Civil Engineering,CIVI,0.85
418124510,Computer Engineering,COMP,0.85
418161210,Mechanical Engineering,MECH,0.85
418819110,Civil Engineering,CIVI,0.85
418824210,Computer Science and Engineering,COMP,0.85
418829310,Electrical Engineering,ELEC,0.85
418837210,Electronics and Telecommunication Engg,ELEC,0.85
418850310,Food Technology,FOOD,0.85
418861210,Mechanical Engineering,MECH,0.85
419019110,Civil Engineering,CIVI,0.85
419024210,Computer Science and Engineering,COMP,0.85
419061210,Mechanical Engineering,MECH,0.85
419224210,Computer Science and Engineering,COMP,0.85
419324210,Computer Science and Engineering,COMP,0.85
419329310,Electrical Engineering,ELEC,0.85
419337010,Electronics and Communication Engineering,ELEC,0.85
419361210,Mechanical Engineering,MECH,0.85
419391110,Computer Science and Engineering(Artificial Intelligence and Machine Learning),COMP,0.85
419391210,Computer Science and Engineering(Data Science),COMP,0.85
419619110,Civil Engineering,CIVI,0.85
419624210,Computer Science and Engineering,COMP,0.85
419637210,Electronics and Telecommunication Engg,ELEC,0.85
419661210,Mechanical Engineering,MECH,0.85
419691010,Computer Science and Engineering(Cyber Security),COMP,0.85
419691210,Computer Science and Engineering(Data Science),COMP,0.85
419692110,Artificial Intelligence and Machine Learning,ARTI,0.85
419724210,Computer Science and Engineering,COMP,0.85
430224510,Computer Engineering,COMP,0.85
430261210,Mechanical Engineering,MECH,0.85
461319110,Civil Engineering,CIVI,0.85
461324510,Computer Engineering,COMP,0.85
461326510,Industrial IoT,INDU,0.85
461329310,Electrical Engineering,ELEC,0.85
461337210,Electronics and Telecommunication Engg,ELEC,0.85
461361210,Mechanical Engineering,MECH,0.85
461391210,Computer Science and Engineering(Data Science),COMP,0.85
464819110,Civil Engineering,CIVI,0.85
467919110,Civil Engineering,CIVI,0.85
470300210,Aeronautical Engineering,AERO,0.85
470324210,Computer Science and Engineering,COMP,0.85
470329310,Electrical Engineering,ELEC,0.85
470370110,Mining Engineering,MINI,0.85
470391210,Computer Science and Engineering(Data Science),COMP,0.85
470392110,Artificial Intelligence and Machine Learning,ARTI,0.85
500350310,Food Technology,FOOD,0.85
500350710,Chemical Engineering,CHEM,0.85
500351810,Oil Fats and Waxes Technology,OIL ,0.85
500352310,Paints Technology,PAIN,0.85
500419110,Civil Engineering,CIVI,0.85
500424510,Computer Engineering,COMP,0.85
500429310,Electrical Engineering,ELEC,0.85
500437210,Electronics and Telecommunication Engg,ELEC,0.85
500446610,Instrumentation Engineering,INST,0.85
500461210,Mechanical Engineering,MECH,0.85
510319110,Civil Engineering,CIVI,0.85
510324510,Computer Engineering,COMP,0.85
510337210,Electronics and Telecommunication Engg,ELEC,0.85
510337610,Electronics Engineering,ELEC,0.85
510361210,Mechanical Engineering,MECH,0.85
510384410,Electronics and Computer Engineering,ELEC,0.85
510399510,Artificial Intelligence and Data Science,ARTI,0.85
510419110,Civil Engineering,CIVI,0.85
510424510,Computer Engineering,COMP,0.85
510429310,Electrical Engineering,ELEC,0.85
510437210,Electronics and Telecommunication Engg,ELEC,0.85
510450710,Chemical Engineering,CHEM,0.85
510461210,Mechanical Engineering,MECH,0.85
510624510,Computer Engineering,COMP,0.85
510629310,Electrical Engineering,ELEC,0.85
510661210,Mechanical Engineering,MECH,0.85
510684410,Electronics and Computer Engineering,ELEC,0.85
510691110,Computer Science and Engineering(Artificial Intelligence and Machine Learning),COMP,0.85
510691210,Computer Science and Engineering(Data Science),COMP,0.85
510819110,Civil Engineering,CIVI,0.85
510824510,Computer Engineering,COMP,0.85
510824610,Information Technology,INFO,0.85
510826310,Artificial Intelligence (AI) and Data Science,ARTI,0.85
510829310,Electrical Engineering,ELEC,0.85
510837210,Electronics and Telecommunication Engg,ELEC,0.85
510846410,Instrumentation and Control Engineering,INST,0.85
510861210,Mechanical Engineering,MECH,0.85
510891610,Automation and Robotics,AUTO,0.85
510919110,Civil Engineering,CIVI,0.85
510924510,Computer Engineering,COMP,0.85
510924610,Information Technology,INFO,0.85
510929310,Electrical Engineering,ELEC,0.85
510937210,Electronics and Telecommunication Engg,ELEC,0.85
510956610,Computer Science,COMP,0.85
510961210,Mechanical Engineering,MECH,0.85
510991610,Automation and Robotics,AUTO,0.85
510992110,Artificial Intelligence and Machine Learning,ARTI,0.85
510999510,Artificial Intelligence and Data Science,ARTI,0.85
512119110,Civil Engineering,CIVI,0.85
512121910,Robotics and Automation,ROBO,0.85
512124510,Computer Engineering,COMP,0.85
512124610,Information Technology,INFO,0.85
512125710,Computer Science and Design,COMP,0.85
512129310,Electrical Engineering,ELEC,0.85
512137210,Electronics and Telecommunication Engg,ELEC,0.85
512150710,Chemical Engineering,CHEM,0.85
512161210,Mechanical Engineering,MECH,0.85
512199510,Artificial Intelligence and Data Science,ARTI,0.85
512419110,Civil Engineering,CIVI,0.85
512424510,Computer Engineering,COMP,0.85
512424610,Information Technology,INFO,0.85
512429310,Electrical Engineering,ELEC,0.85
512461210,Mechanical Engineering,MECH,0.85
512462410,Mechatronics Engineering,MECH,0.85
512484410,Electronics and Computer Engineering,ELEC,0.85
512499510,Artificial Intelligence and Data Science,ARTI,0.85
512524510,Computer Engineering,COMP,0.85
512550710,Chemical Engineering,CHEM,0.85
513024510,Computer Engineering,COMP,0.85
513919110,Civil Engineering,CIVI,0.85
513924510,Computer Engineering,COMP,0.85
513924610,Information Technology,INFO,0.85
513937210,Electronics and Telecommunication Engg,ELEC,0.85
513946410,Instrumentation and Control Engineering,INST,0.85
513950710,Chemical Engineering,CHEM,0.85
513961210,Mechanical Engineering,MECH,0.85
513984410,Electronics and Computer Engineering,ELEC,0.85
513991610,Automation and Robotics,AUTO,0.85
513999510,Artificial Intelligence and Data Science,ARTI,0.85
515119110,Civil Engineering,CIVI,0.85
515124510,Computer Engineering,COMP,0.85
515124610,Information Technology,INFO,0.85
515129310,Electrical Engineering,ELEC,0.85
515137210,Electronics and Telecommunication Engg,ELEC,0.85
515161210,Mechanical Engineering,MECH,0.85
515184410,Electronics and Computer Engineering,ELEC,0.85
515199510,Artificial Intelligence and Data Science,ARTI,0.85
515219110,Civil Engineering,CIVI,0.85
515224210,Computer Science and Engineering,COMP,0.85
515224610,Information Technology,INFO,0.85
515229310,Electrical Engineering,ELEC,0.85
515237210,Electronics and Telecommunication Engg,ELEC,0.85
515261210,Mechanical Engineering,MECH,0.85
515291110,Computer Science and Engineering(Artificial Intelligence and Machine Learning),COMP,0.85
515291210,Computer Science and Engineering(Data Science),COMP,0.85
515291310,Computer Science and Engineering (Artificial Intelligence),COMP,0.85
516019110,Civil Engineering,CIVI,0.85
516024510,Computer Engineering,COMP,0.85
516024610,Information Technology,INFO,0.85
516029310,Electrical Engineering,ELEC,0.85
516061210,Mechanical Engineering,MECH,0.85
516062410,Mechatronics Engineering,MECH,0.85
516084410,Electronics and Computer Engineering,ELEC,0.85
516091510,Structural Engineering,STRU,0.85
516124510,Computer Engineering,COMP,0.85
516124610,Information Technology,INFO,0.85
516125710,Computer Science and Design,COMP,0.85
516129310,Electrical Engineering,ELEC,0.85
516137210,Electronics and Telecommunication Engg,ELEC,0.85
516137810,Electronics Engineering ( VLSI Design and Technology),ELEC,0.85
516161210,Mechanical Engineering,MECH,0.85
516199510,Artificial Intelligence and Data Science,ARTI,0.85
516219110,Civil Engineering,CIVI,0.85
516224510,Computer Engineering,COMP,0.85
516224610,Information Technology,INFO,0.85
516229310,Electrical Engineering,ELEC,0.85
516237210,Electronics and Telecommunication Engg,ELEC,0.85
516261210,Mechanical Engineering,MECH,0.85
516284410,Electronics and Computer Engineering,ELEC,0.85
516291610,Automation and Robotics,AUTO,0.85
516299510,Artificial Intelligence and Data Science,ARTI,0.85
516824510,Computer Engineering,COMP,0.85
516919110,Civil Engineering,CIVI,0.85
516924510,Computer Engineering,COMP,0.85
517019110,Civil Engineering,CIVI,0.85
517024210,Computer Science and Engineering,COMP,0.85
517026310,Artificial Intelligence (AI) and Data Science,ARTI,0.85
517029310,Electrical Engineering,ELEC,0.85
517037210,Electronics and Telecommunication Engg,ELEC,0.85
517061210,Mechanical Engineering,MECH,0.85
517091210,Computer Science and Engineering(Data Science),COMP,0.85
517124510,Computer Engineering,COMP,0.85
517126310,Artificial Intelligence (AI) and Data Science,ARTI,0.85
517129310,Electrical Engineering,ELEC,0.85
517137210,Electronics and Telecommunication Engg,ELEC,0.85
517161210,Mechanical Engineering,MECH,0.85
517219110,Civil Engineering,CIVI,0.85
517224510,Computer Engineering,COMP,0.85
517224610,Information Technology,INFO,0.85
517229310,Electrical Engineering,ELEC,0.85
517237210,Electronics and Telecommunication Engg,ELEC,0.85
517261210,Mechanical Engineering,MECH,0.85
517291210,Computer Science and Engineering(Data Science),COMP,0.85
517292110,Artificial Intelligence and Machine Learning,ARTI,0.85
517299510,Artificial Intelligence and Data Science,ARTI,0.85
517319110,Civil Engineering,CIVI,0.85
517324510,Computer Engineering,COMP,0.85
517337210,Electronics and Telecommunication Engg,ELEC,0.85
517361210,Mechanical Engineering,MECH,0.85
517399510,Artificial Intelligence and Data Science,ARTI,0.85
517719110,Civil Engineering,CIVI,0.85
517724510,Computer Engineering,COMP,0.85
517724610,Information Technology,INFO,0.85
517729310,Electrical Engineering,ELEC,0.85
517737210,Electronics and Telecommunication Engg,ELEC,0.85
517761210,Mechanical Engineering,MECH,0.85
517784410,Electronics and Computer Engineering,ELEC,0.85
517799510,Artificial Intelligence and Data Science,ARTI,0.85
517924510,Computer Engineering,COMP,0.85
517926310,Artificial Intelligence (AI) and Data Science,ARTI,0.85
517929310,Electrical Engineering,ELEC,0.85
517961210,Mechanical Engineering,MECH,0.85
518119110,Civil Engineering,CIVI,0.85
518124510,Computer Engineering,COMP,0.85
518129310,Electrical Engineering,ELEC,0.85
518137210,Electronics and Telecommunication Engg,ELEC,0.85
518161210,Mechanical Engineering,MECH,0.85
518199510,Artificial Intelligence and Data Science,ARTI,0.85
518224510,Computer Engineering,COMP,0.85
518226310,Artificial Intelligence (AI) and Data Science,ARTI,0.85
518229310,Electrical Engineering,ELEC,0.85
518237210,Electronics and Telecommunication Engg,ELEC,0.85
522324510,Computer Engineering,COMP,0.85
524424210,Computer Science and Engineering,COMP,0.85
524425710,Computer Science and Design,COMP,0.85
524429710,Electrical and Electronics Engineering,ELEC,0.85
524491610,Automation and Robotics,AUTO,0.85
524492210,Civil and Environmental Engineering,CIVI,0.85
524924510,Computer Engineering,COMP,0.85
525624510,Computer Engineering,COMP,0.85
526324510,Computer Engineering,COMP,0.85
526329310,Electrical Engineering,ELEC,0.85
530319110,Civil Engineering,CIVI,0.85
530324510,Computer Engineering,COMP,0.85
530384410,Electronics and Computer Engineering,ELEC,0.85
530399510,Artificial Intelligence and Data Science,ARTI,0.85
533024510,Computer Engineering,COMP,0.85
533024610,Information Technology,INFO,0.85
533037210,Electronics and Telecommunication Engg,ELEC,0.85
533061210,Mechanical Engineering,MECH,0.85
533099510,Artificial Intelligence and Data Science,ARTI,0.85
533124510,Computer Engineering,COMP,0.85
533124610,Information Technology,INFO,0.85
533129310,Electrical Engineering,ELEC,0.85
533137210,Electronics and Telecommunication Engg,ELEC,0.85
533191610,Automation and Robotics,AUTO,0.85
533199510,Artificial Intelligence and Data Science,ARTI,0.85
537029310,Electrical Engineering,ELEC,0.85
537061210,Mechanical Engineering,MECH,0.85
538019110,Civil Engineering,CIVI,0.85
538024510,Computer Engineering,COMP,0.85
538024610,Information Technology,INFO,0.85
538037210,Electronics and Telecommunication Engg,ELEC,0.85
538061210,Mechanical Engineering,MECH,0.85
538099510,Artificial Intelligence and Data Science,ARTI,0.85
538119110,Civil Engineering,CIVI,0.85
538124210,Computer Science and Engineering,COMP,0.85
538129310,Electrical Engineering,ELEC,0.85
538161210,Mechanical Engineering,MECH,0.85
538199510,Artificial Intelligence and Data Science,ARTI,0.85
538224510,Computer Engineering,COMP,0.85
538226310,Artificial Intelligence (AI) and Data Science,ARTI,0.85
538261210,Mechanical Engineering,MECH,0.85
539024510,Computer Engineering,COMP,0.85
539024610,Information Technology,INFO,0.85
539092110,Artificial Intelligence and Machine Learning,ARTI,0.85
539524510,Computer Engineering,COMP,0.85
539624510,Computer Engineering,COMP,0.85
539629310,Electrical Engineering,ELEC,0.85
539661210,Mechanical Engineering,MECH,0.85
539919110,Civil Engineering,CIVI,0.85
539924510,Computer Engineering,COMP,0.85
539929310,Electrical Engineering,ELEC,0.85
539992110,Artificial Intelligence and Machine Learning,ARTI,0.85
540124510,Computer Engineering,COMP,0.85
540124610,Information Technology,INFO,0.85
540126310,Artificial Intelligence (AI) and Data Science,ARTI,0.85
540191610,Automation and Robotics,AUTO,0.85
540837210,Electronics and Telecommunication Engg,ELEC,0.85
540937210,Electronics and Telecommunication Engg,ELEC,0.85
541424510,Computer Engineering,COMP,0.85
541426310,Artificial Intelligence (AI) and Data Science,ARTI,0.85
541437210,Electronics and Telecommunication Engg,ELEC,0.85
541819110,Civil Engineering,CIVI,0.85
541824510,Computer Engineering,COMP,0.85
541826310,Artificial Intelligence (AI) and Data Science,ARTI,0.85
541829310,Electrical Engineering,ELEC,0.85
541861210,Mechanical Engineering,MECH,0.85
541891610,Automation and Robotics,AUTO,0.85
549724510,Computer Engineering,COMP,0.85
549761210,Mechanical Engineering,MECH,0.85
550999510,Artificial Intelligence and Data Science,ARTI,0.85
551319110,Civil Engineering,CIVI,0.85
551324510,Computer Engineering,COMP,0.85
551329310,Electrical Engineering,ELEC,0.85
551337210,Electronics and Telecommunication Engg,ELEC,0.85
551399510,Artificial Intelligence and Data Science,ARTI,0.85
559724510,Computer Engineering,COMP,0.85
600419110,Civil Engineering,CIVI,0.85
600424510,Computer Engineering,COMP,0.85
600437210,Electronics and Telecommunication Engg,ELEC,0.85
600446410,Instrumentation and Control Engineering,INST,0.85
600460210,Automobile Engineering,AUTO,0.85
600461210,Mechanical Engineering,MECH,0.85
600519110,Civil Engineering,CIVI,0.85
600524610,Information Technology,INFO,0.85
600529310,Electrical Engineering,ELEC,0.85
600537210,Electronics and Telecommunication Engg,ELEC,0.85
600561210,Mechanical Engineering,MECH,0.85
600719110,Civil Engineering,CIVI,0.85
600724210,Computer Science and Engineering,COMP,0.85
600724610,Information Technology,INFO,0.85
600729310,Electrical Engineering,ELEC,0.85
600737610,Electronics Engineering,ELEC,0.85
600761210,Mechanical Engineering,MECH,0.85
602819110,Civil Engineering,CIVI,0.85
602825410,Computer Science and Technology,COMP,0.85
602837210,Electronics and Telecommunication Engg,ELEC,0.85
602850310,Food Technology,FOOD,0.85
602850710,Chemical Engineering,CHEM,0.85
602861210,Mechanical Engineering,MECH,0.85
603624210,Computer Science and Engineering,COMP,0.85
603626310,Artificial Intelligence (AI) and Data Science,ARTI,0.85
603629310,Electrical Engineering,ELEC,0.85
603637210,Electronics and Telecommunication Engg,ELEC,0.85
603661510,Mechanical and Automation Engineering,MECH,0.85
604108210,Bio Technology,BIO ,0.85
604125210,Cyber Security,CYBE,0.85
604150310,Food Technology,FOOD,0.85
604191710,Data Science,DATA,0.85
604192110,Artificial Intelligence and Machine Learning,ARTI,0.85
612219110,Civil Engineering,CIVI,0.85
612224510,Computer Engineering,COMP,0.85
612237210,Electronics and Telecommunication Engg,ELEC,0.85
612261210,Mechanical Engineering,MECH,0.85
612291210,Computer Science and Engineering(Data Science),COMP,0.85
613819110,Civil Engineering,CIVI,0.85
613824510,Computer Engineering,COMP,0.85
613824610,Information Technology,INFO,0.85
613826310,Artificial Intelligence (AI) and Data Science,ARTI,0.85
613837210,Electronics and Telecommunication Engg,ELEC,0.85
613861210,Mechanical Engineering,MECH,0.85
613924210,Computer Science and Engineering,COMP,0.85
613924510,Computer Engineering,COMP,0.85
613929310,Electrical Engineering,ELEC,0.85
613937210,Electronics and Telecommunication Engg,ELEC,0.85
613961210,Mechanical Engineering,MECH,0.85
613984410,Electronics and Computer Engineering,ELEC,0.85
613992510,Computer Science and Engineering (Artificial Intelligence and Data Science),COMP,0.85
614119110,Civil Engineering,CIVI,0.85
614124510,Computer Engineering,COMP,0.85
614124610,Information Technology,INFO,0.85
614126210,Computer Science and Business Systems,COMP,0.85
614129310,Electrical Engineering,ELEC,0.85
614137210,Electronics and Telecommunication Engg,ELEC,0.85
614161210,Mechanical Engineering,MECH,0.85
614191610,Automation and Robotics,AUTO,0.85
614419110,Civil Engineering,CIVI,0.85
614424510,Computer Engineering,COMP,0.85
614424610,Information Technology,INFO,0.85
614437210,Electronics and Telecommunication Engg,ELEC,0.85
614461210,Mechanical Engineering,MECH,0.85
614492110,Artificial Intelligence and Machine Learning,ARTI,0.85
614499510,Artificial Intelligence and Data Science,ARTI,0.85
614524510,Computer Engineering,COMP,0.85
614524610,Information Technology,INFO,0.85
614526310,Artificial Intelligence (AI) and Data Science,ARTI,0.85
614529310,Electrical Engineering,ELEC,0.85
614537210,Electronics and Telecommunication Engg,ELEC,0.85
614561210,Mechanical Engineering,MECH,0.85
614619110,Civil Engineering,CIVI,0.85
614624510,Computer Engineering,COMP,0.85
614624610,Information Technology,INFO,0.85
614637210,Electronics and Telecommunication Engg,ELEC,0.85
614650710,Chemical Engineering,CHEM,0.85
614661210,Mechanical Engineering,MECH,0.85
614691110,Computer Science and Engineering(Artificial Intelligence and Machine Learning),COMP,0.85
614691210,Computer Science and Engineering(Data Science),COMP,0.85
614692710,Computer Engineering (Software Engineering),COMP,0.85
615519110,Civil Engineering,CIVI,0.85
615524510,Computer Engineering,COMP,0.85
615524610,Information Technology,INFO,0.85
615526010,Computer Science and Engineering (Cyber Security),COMP,0.85
615529310,Electrical Engineering,ELEC,0.85
615537210,Electronics and Telecommunication Engg,ELEC,0.85
615561210,Mechanical Engineering,MECH,0.85
615591110,Computer Science and Engineering(Artificial Intelligence and Machine Learning),COMP,0.85
615591210,Computer Science and Engineering(Data Science),COMP,0.85
615591310,Computer Science and Engineering (Artificial Intelligence),COMP,0.85
615624510,Computer Engineering,COMP,0.85
615624610,Information Technology,INFO,0.85
615629310,Electrical Engineering,ELEC,0.85
615637210,Electronics and Telecommunication Engg,ELEC,0.85
615661210,Mechanical Engineering,MECH,0.85
615699510,Artificial Intelligence and Data Science,ARTI,0.85
617519110,Civil Engineering,CIVI,0.85
617524510,Computer Engineering,COMP,0.85
617524610,Information Technology,INFO,0.85
617537210,Electronics and Telecommunication Engg,ELEC,0.85
617537810,Electronics Engineering ( VLSI Design and Technology),ELEC,0.85
617561210,Mechanical Engineering,MECH,0.85
617591110,Computer Science and Engineering(Artificial Intelligence and Machine Learning),COMP,0.85
617708210,Bio Technology,BIO ,0.85
617719110,Civil Engineering,CIVI,0.85
617724510,Computer Engineering,COMP,0.85
617724610,Information Technology,INFO,0.85
617737210,Electronics and Telecommunication Engg,ELEC,0.85
617750710,Chemical Engineering,CHEM,0.85
617761210,Mechanical Engineering,MECH,0.85
617824510,Computer Engineering,COMP,0.85
617824610,Information Technology,INFO,0.85
617837210,Electronics and Telecommunication Engg,ELEC,0.85
617861210,Mechanical Engineering,MECH,0.85
617924510,Computer Engineering,COMP,0.85
617924610,Information Technology,INFO,0.85
617937210,Electronics and Telecommunication Engg,ELEC,0.85
617961210,Mechanical Engineering,MECH,0.85
617999510,Artificial Intelligence and Data Science,ARTI,0.85
618219110,Civil Engineering,CIVI,0.85
618224510,Computer Engineering,COMP,0.85
618224610,Information Technology,INFO,0.85
618237210,Electronics and Telecommunication Engg,ELEC,0.85
618261210,Mechanical Engineering,MECH,0.85
618419110,Civil Engineering,CIVI,0.85
618424510,Computer Engineering,COMP,0.85
618424610,Information Technology,INFO,0.85
618429310,Electrical Engineering,ELEC,0.85
618437210,Electronics and Telecommunication Engg,ELEC,0.85
618461210,Mechanical Engineering,MECH,0.85
618524510,Computer Engineering,COMP,0.85
618524610,Information Technology,INFO,0.85
618529310,Electrical Engineering,ELEC,0.85
618537210,Electronics and Telecommunication Engg,ELEC,0.85
618561210,Mechanical Engineering,MECH,0.85
618719110,Civil Engineering,CIVI,0.85
618724510,Computer Engineering,COMP,0.85
618724610,Information Technology,INFO,0.85
618737210,Electronics and Telecommunication Engg,ELEC,0.85
620319110,Civil Engineering,CIVI,0.85
620324510,Computer Engineering,COMP,0.85
620326610,Robotics and Artificial Intelligence,ROBO,0.85
620361210,Mechanical Engineering,MECH,0.85
620362410,Mechatronics Engineering,MECH,0.85
620399510,Artificial Intelligence and Data Science,ARTI,0.85
620624510,Computer Engineering,COMP,0.85
620624610,Information Technology,INFO,0.85
620637210,Electronics and Telecommunication Engg,ELEC,0.85
620661210,Mechanical Engineering,MECH,0.85
620699510,Artificial Intelligence and Data Science,ARTI,0.85
620719110,Civil Engineering,CIVI,0.85
620724510,Computer Engineering,COMP,0.85
620724610,Information Technology,INFO,0.85
620729310,Electrical Engineering,ELEC,0.85
620737210,Electronics and Telecommunication Engg,ELEC,0.85
620746610,Instrumentation Engineering,INST,0.85
620761210,Mechanical Engineering,MECH,0.85
620784410,Electronics and Computer Engineering,ELEC,0.85
620799510,Artificial Intelligence and Data Science,ARTI,0.85
621419110,Civil Engineering,CIVI,0.85
621421910,Robotics and Automation,ROBO,0.85
621424510,Computer Engineering,COMP,0.85
621429310,Electrical Engineering,ELEC,0.85
621437210,Electronics and Telecommunication Engg,ELEC,0.85
621456810,Computer Science and Information Technology,COMP,0.85
621461210,Mechanical Engineering,MECH,0.85
621462410,Mechatronics Engineering,MECH,0.85
621491110,Computer Science and Engineering(Artificial Intelligence and Machine Learning),COMP,0.85
621719110,Civil Engineering,CIVI,0.85
621724210,Computer Science and Engineering,COMP,0.85
621726310,Artificial Intelligence (AI) and Data Science,ARTI,0.85
621729310,Electrical Engineering,ELEC,0.85
621737210,Electronics and Telecommunication Engg,ELEC,0.85
621761210,Mechanical Engineering,MECH,0.85
621784410,Electronics and Computer Engineering,ELEC,0.85
621792110,Artificial Intelligence and Machine Learning,ARTI,0.85
621919110,Civil Engineering,CIVI,0.85
621924210,Computer Science and Engineering,COMP,0.85
621929310,Electrical Engineering,ELEC,0.85
621937210,Electronics and Telecommunication Engg,ELEC,0.85
621946110,Bio Medical Engineering,BIO ,0.85
622019110,Civil Engineering,CIVI,0.85
622024210,Computer Science and Engineering,COMP,0.85
622029310,Electrical Engineering,ELEC,0.85
622037210,Electronics and Telecommunication Engg,ELEC,0.85
622061210,Mechanical Engineering,MECH,0.85
622084410,Electronics and Computer Engineering,ELEC,0.85
622219110,Civil Engineering,CIVI,0.85
622224210,Computer Science and Engineering,COMP,0.85
622226310,Artificial Intelligence (AI) and Data Science,ARTI,0.85
622229310,Electrical Engineering,ELEC,0.85
622237210,Electronics and Telecommunication Engg,ELEC,0.85
622246510,Technical Textiles,TECH,0.85
622257010,Fashion Technology,FASH,0.85
622261210,Mechanical Engineering,MECH,0.85
622288610,Man Made Textile Technology,MAN ,0.85
622289010,Textile Chemistry,TEXT,0.85
622289610,Textile Technology,TEXT,0.85
622291110,Computer Science and Engineering(Artificial Intelligence and Machine Learning),COMP,0.85
622319110,Civil Engineering,CIVI,0.85
622324210,Computer Science and Engineering,COMP,0.85
622329310,Electrical Engineering,ELEC,0.85
622337210,Electronics and Telecommunication Engg,ELEC,0.85
622361210,Mechanical Engineering,MECH,0.85
622399510,Artificial Intelligence and Data Science,ARTI,0.85
625019110,Civil Engineering,CIVI,0.85
625024210,Computer Science and Engineering,COMP,0.85
625037210,Electronics and Telecommunication Engg,ELEC,0.85
625050710,Chemical Engineering,CHEM,0.85
625061210,Mechanical Engineering,MECH,0.85
625091110,Computer Science and Engineering(Artificial Intelligence and Machine Learning),COMP,0.85
625091210,Computer Science and Engineering(Data Science),COMP,0.85
626519110,Civil Engineering,CIVI,0.85
626524210,Computer Science and Engineering,COMP,0.85
626524610,Information Technology,INFO,0.85
626537210,Electronics and Telecommunication Engg,ELEC,0.85
626561510,Mechanical and Automation Engineering,MECH,0.85
626584410,Electronics and Computer Engineering,ELEC,0.85
626592110,Artificial Intelligence and Machine Learning,ARTI,0.85
626708210,Bio Technology,BIO ,0.85
626719110,Civil Engineering,CIVI,0.85
626724210,Computer Science and Engineering,COMP,0.85
626726210,Computer Science and Business Systems,COMP,0.85
626729310,Electrical Engineering,ELEC,0.85
626737210,Electronics and Telecommunication Engg,ELEC,0.85
626761210,Mechanical Engineering,MECH,0.85
626791110,Computer Science and Engineering(Artificial Intelligence and Machine Learning),COMP,0.85
626792210,Civil and Environmental Engineering,CIVI,0.85
626819110,Civil Engineering,CIVI,0.85
626824210,Computer Science and Engineering,COMP,0.85
626825210,Cyber Security,CYBE,0.85
626826210,Computer Science and Business Systems,COMP,0.85
626829310,Electrical Engineering,ELEC,0.85
626837210,Electronics and Telecommunication Engg,ELEC,0.85
626850710,Chemical Engineering,CHEM,0.85
626861210,Mechanical Engineering,MECH,0.85
626919110,Civil Engineering,CIVI,0.85
626924210,Computer Science and Engineering,COMP,0.85
626937210,Electronics and Telecommunication Engg,ELEC,0.85
626946410,Instrumentation and Control Engineering,INST,0.85
626950710,Chemical Engineering,CHEM,0.85
626961210,Mechanical Engineering,MECH,0.85
626990010,Electronics and Computer Science,ELEC,0.85
626992510,Computer Science and Engineering (Artificial Intelligence and Data Science),COMP,0.85
626992610,Electrical and Computer Engineering,ELEC,0.85
627019110,Civil Engineering,CIVI,0.85
627024210,Computer Science and Engineering,COMP,0.85
627037210,Electronics and Telecommunication Engg,ELEC,0.85
627061210,Mechanical Engineering,MECH,0.85
627099510,Artificial Intelligence and Data Science,ARTI,0.85
627124510,Computer Engineering,COMP,0.85
627124610,Information Technology,INFO,0.85
627126310,Artificial Intelligence (AI) and Data Science,ARTI,0.85
627137210,Electronics and Telecommunication Engg,ELEC,0.85
627184410,Electronics and Computer Engineering,ELEC,0.85
627219110,Civil Engineering,CIVI,0.85
627221910,Robotics and Automation,ROBO,0.85
627224510,Computer Engineering,COMP,0.85
627224610,Information Technology,INFO,0.85
627237210,Electronics and Telecommunication Engg,ELEC,0.85
627246610,Instrumentation Engineering,INST,0.85
627261210,Mechanical Engineering,MECH,0.85
627299510,Artificial Intelligence and Data Science,ARTI,0.85
627319110,Civil Engineering,CIVI,0.85
627324510,Computer Engineering,COMP,0.85
627324610,Information Technology,INFO,0.85
627337210,Electronics and Telecommunication Engg,ELEC,0.85
627346410,Instrumentation and Control Engineering,INST,0.85
627361210,Mechanical Engineering,MECH,0.85
627391110,Computer Science and Engineering(Artificial Intelligence and Machine Learning),COMP,0.85
627391210,Computer Science and Engineering(Data Science),COMP,0.85
627391310,Computer Science and Engineering (Artificial Intelligence),COMP,0.85
627392010,Computer Science and Engineering (Internet of Things and Cyber Security Including Block Chain,COMP,0.85
627392710,Computer Engineering (Software Engineering),COMP,0.85
627399510,Artificial Intelligence and Data Science,ARTI,0.85
627424510,Computer Engineering,COMP,0.85
627424610,Information Technology,INFO,0.85
627429310,Electrical Engineering,ELEC,0.85
627437210,Electronics and Telecommunication Engg,ELEC,0.85
627461210,Mechanical Engineering,MECH,0.85
627484110,Printing and Packaging Technology,PRIN,0.85
627499510,Artificial Intelligence and Data Science,ARTI,0.85
627519110,Civil Engineering,CIVI,0.85
627524510,Computer Engineering,COMP,0.85
627524610,Information Technology,INFO,0.85
627529310,Electrical Engineering,ELEC,0.85
627537210,Electronics and Telecommunication Engg,ELEC,0.85
627561210,Mechanical Engineering,MECH,0.85
627562410,Mechatronics Engineering,MECH,0.85
627592110,Artificial Intelligence and Machine Learning,ARTI,0.85
627719110,Civil Engineering,CIVI,0.85
627724210,Computer Science and Engineering,COMP,0.85
627724610,Information Technology,INFO,0.85
627726310,Artificial Intelligence (AI) and Data Science,ARTI,0.85
627737210,Electronics and Telecommunication Engg,ELEC,0.85
627761210,Mechanical Engineering,MECH,0.85
627819110,Civil Engineering,CIVI,0.85
627821910,Robotics and Automation,ROBO,0.85
627824510,Computer Engineering,COMP,0.85
627829310,Electrical Engineering,ELEC,0.85
627837210,Electronics and Telecommunication Engg,ELEC,0.85
627837810,Electronics Engineering ( VLSI Design and Technology),ELEC,0.85
627850710,Chemical Engineering,CHEM,0.85
627861210,Mechanical Engineering,MECH,0.85
627862510,Mechanical Engineering[Sandwich],MECH,0.85
627892110,Artificial Intelligence and Machine Learning,ARTI,0.85
628124510,Computer Engineering,COMP,0.85
628137210,Electronics and Telecommunication Engg,ELEC,0.85
628161210,Mechanical Engineering,MECH,0.85
628191610,Automation and Robotics,AUTO,0.85
628224510,Computer Engineering,COMP,0.85
628224610,Information Technology,INFO,0.85
628229310,Electrical Engineering,ELEC,0.85
628237210,Electronics and Telecommunication Engg,ELEC,0.85
628246610,Instrumentation Engineering,INST,0.85
628299510,Artificial Intelligence and Data Science,ARTI,0.85
628300210,Aeronautical Engineering,AERO,0.85
628319110,Civil Engineering,CIVI,0.85
628324210,Computer Science and Engineering,COMP,0.85
628326310,Artificial Intelligence (AI) and Data Science,ARTI,0.85
628326610,Robotics and Artificial Intelligence,ROBO,0.85
628329310,Electrical Engineering,ELEC,0.85
628337210,Electronics and Telecommunication Engg,ELEC,0.85
628350310,Food Technology,FOOD,0.85
628361210,Mechanical Engineering,MECH,0.85
628392010,Computer Science and Engineering (Internet of Things and Cyber Security Including Block Chain,COMP,0.85
628419110,Civil Engineering,CIVI,0.85
628424510,Computer Engineering,COMP,0.85
628424610,Information Technology,INFO,0.85
628429310,Electrical Engineering,ELEC,0.85
628437210,Electronics and Telecommunication Engg,ELEC,0.85
628461210,Mechanical Engineering,MECH,0.85
628499510,Artificial Intelligence and Data Science,ARTI,0.85
628824210,Computer Science and Engineering,COMP,0.85
628837210,Electronics and Telecommunication Engg,ELEC,0.85
628861210,Mechanical Engineering,MECH,0.85
628891110,Computer Science and Engineering(Artificial Intelligence and Machine Learning),COMP,0.85
629324210,Computer Science and Engineering,COMP,0.85
629329310,Electrical Engineering,ELEC,0.85
629337210,Electronics and Telecommunication Engg,ELEC,0.85
629361210,Mechanical Engineering,MECH,0.85
629399510,Artificial Intelligence and Data Science,ARTI,0.85
629819110,Civil Engineering,CIVI,0.85
629821910,Robotics and Automation,ROBO,0.85
629824510,Computer Engineering,COMP,0.85
629824610,Information Technology,INFO,0.85
629827110,Computer Engineering (Regional Language),COMP,0.85
629829310,Electrical Engineering,ELEC,0.85
629837210,Electronics and Telecommunication Engg,ELEC,0.85
629861210,Mechanical Engineering,MECH,0.85
629884410,Electronics and Computer Engineering,ELEC,0.85
629892110,Artificial Intelligence and Machine Learning,ARTI,0.85
629899510,Artificial Intelligence and Data Science,ARTI,0.85
630324210,Computer Science and Engineering,COMP,0.85
630337210,Electronics and Telecommunication Engg,ELEC,0.85
630361210,Mechanical Engineering,MECH,0.85
630399510,Artificial Intelligence and Data Science,ARTI,0.85
630419110,Civil Engineering,CIVI,0.85
630424210,Computer Science and Engineering,COMP,0.85
630429310,Electrical Engineering,ELEC,0.85
630437210,Electronics and Telecommunication Engg,ELEC,0.85
630461210,Mechanical Engineering,MECH,0.85
630492110,Artificial Intelligence and Machine Learning,ARTI,0.85
630519110,Civil Engineering,CIVI,0.85
630524210,Computer Science and Engineering,COMP,0.85
630524610,Information Technology,INFO,0.85
630537210,Electronics and Telecommunication Engg,ELEC,0.85
630561210,Mechanical Engineering,MECH,0.85
630724510,Computer Engineering,COMP,0.85
630724610,Information Technology,INFO,0.85
630737210,Electronics and Telecommunication Engg,ELEC,0.85
630760210,Automobile Engineering,AUTO,0.85
630819110,Civil Engineering,CIVI,0.85
630824510,Computer Engineering,COMP,0.85
630837210,Electronics and Telecommunication Engg,ELEC,0.85
630861210,Mechanical Engineering,MECH,0.85
631024210,Computer Science and Engineering,COMP,0.85
631024510,Computer Engineering,COMP,0.85
631024610,Information Technology,INFO,0.85
631037210,Electronics and Telecommunication Engg,ELEC,0.85
631061210,Mechanical Engineering,MECH,0.85
631084410,Electronics and Computer Engineering,ELEC,0.85
631091310,Computer Science and Engineering (Artificial Intelligence),COMP,0.85
631099510,Artificial Intelligence and Data Science,ARTI,0.85
631124510,Computer Engineering,COMP,0.85
631124610,Information Technology,INFO,0.85
631129310,Electrical Engineering,ELEC,0.85
631137210,Electronics and Telecommunication Engg,ELEC,0.85
631161210,Mechanical Engineering,MECH,0.85
631324510,Computer Engineering,COMP,0.85
631326310,Artificial Intelligence (AI) and Data Science,ARTI,0.85
631361210,Mechanical Engineering,MECH,0.85
631519110,Civil Engineering,CIVI,0.85
631521910,Robotics and Automation,ROBO,0.85
631524210,Computer Science and Engineering,COMP,0.85
631529310,Electrical Engineering,ELEC,0.85
631561210,Mechanical Engineering,MECH,0.85
631584410,Electronics and Computer Engineering,ELEC,0.85
631592110,Artificial Intelligence and Machine Learning,ARTI,0.85
631719110,Civil Engineering,CIVI,0.85
631724210,Computer Science and Engineering,COMP,0.85
631729310,Electrical Engineering,ELEC,0.85
631761210,Mechanical Engineering,MECH,0.85
631762410,Mechatronics Engineering,MECH,0.85
631784410,Electronics and Computer Engineering,ELEC,0.85
631791610,Automation and Robotics,AUTO,0.85
631799510,Artificial Intelligence and Data Science,ARTI,0.85
631919110,Civil Engineering,CIVI,0.85
631924510,Computer Engineering,COMP,0.85
631924610,Information Technology,INFO,0.85
631926310,Artificial Intelligence (AI) and Data Science,ARTI,0.85
631929310,Electrical Engineering,ELEC,0.85
631937210,Electronics and Telecommunication Engg,ELEC,0.85
631961210,Mechanical Engineering,MECH,0.85
632019110,Civil Engineering,CIVI,0.85
632024510,Computer Engineering,COMP,0.85
632037210,Electronics and Telecommunication Engg,ELEC,0.85
632037810,Electronics Engineering ( VLSI Design and Technology),ELEC,0.85
632061210,Mechanical Engineering,MECH,0.85
632119110,Civil Engineering,CIVI,0.85
632124210,Computer Science and Engineering,COMP,0.85
632129310,Electrical Engineering,ELEC,0.85
632137210,Electronics and Telecommunication Engg,ELEC,0.85
632161210,Mechanical Engineering,MECH,0.85
632199510,Artificial Intelligence and Data Science,ARTI,0.85
632224510,Computer Engineering,COMP,0.85
632237210,Electronics and Telecommunication Engg,ELEC,0.85
632424510,Computer Engineering,COMP,0.85
632624210,Computer Science and Engineering,COMP,0.85
632661210,Mechanical Engineering,MECH,0.85
640224210,Computer Science and Engineering,COMP,0.85
640225910,Mechanical and Mechatronics Engineering (Additive Manufacturing),MECH,0.85
640257310,"Electrical, Electronics and Power",ELEC,0.85
644419110,Civil Engineering,CIVI,0.85
644424510,Computer Engineering,COMP,0.85
646724210,Computer Science and Engineering,COMP,0.85
646724610,Information Technology,INFO,0.85
646737210,Electronics and Telecommunication Engg,ELEC,0.85
646824210,Computer Science and Engineering,COMP,0.85
646829310,Electrical Engineering,ELEC,0.85
646837210,Electronics and Telecommunication Engg,ELEC,0.85
646884410,Electronics and Computer Engineering,ELEC,0.85
646891110,Computer Science and Engineering(Artificial Intelligence and Machine Learning),COMP,0.85
654524210,Computer Science and Engineering,COMP,0.85
654526310,Artificial Intelligence (AI) and Data Science,ARTI,0.85
654529310,Electrical Engineering,ELEC,0.85
654537210,Electronics and Telecommunication Engg,ELEC,0.85
654561210,Mechanical Engineering,MECH,0.85
660924510,Computer Engineering,COMP,0.85
660926310,Artificial Intelligence (AI) and Data Science,ARTI,0.85
660961210,Mechanical Engineering,MECH,0.85
662524510,Computer Engineering,COMP,0.85
662826310,Artificial Intelligence (AI) and Data Science,ARTI,0.85
663219110,Civil Engineering,CIVI,0.85
663224510,Computer Engineering,COMP,0.85
663229310,Electrical Engineering,ELEC,0.85
663237210,Electronics and Telecommunication Engg,ELEC,0.85
663261210,Mechanical Engineering,MECH,0.85
663292110,Artificial Intelligence and Machine Learning,ARTI,0.85
663299510,Artificial Intelligence and Data Science,ARTI,0.85
663419110,Civil Engineering,CIVI,0.85
663424510,Computer Engineering,COMP,0.85
663424610,Information Technology,INFO,0.85
663437210,Electronics and Telecommunication Engg,ELEC,0.85
663461210,Mechanical Engineering,MECH,0.85
663519110,Civil Engineering,CIVI,0.85
663524510,Computer Engineering,COMP,0.85
663591210,Computer Science and Engineering(Data Science),COMP,0.85
663592110,Artificial Intelligence and Machine Learning,ARTI,0.85
664019110,Civil Engineering,CIVI,0.85
664024210,Computer Science and Engineering,COMP,0.85
664029310,Electrical Engineering,ELEC,0.85
664037210,Electronics and Telecommunication Engg,ELEC,0.85
664061210,Mechanical Engineering,MECH,0.85
664319110,Civil Engineering,CIVI,0.85
664324210,Computer Science and Engineering,COMP,0.85
664326310,Artificial Intelligence (AI) and Data Science,ARTI,0.85
664329310,Electrical Engineering,ELEC,0.85
664337210,Electronics and Telecommunication Engg,ELEC,0.85
664361210,Mechanical Engineering,MECH,0.85
664419110,Civil Engineering,CIVI,0.85
664424510,Computer Engineering,COMP,0.85
664429310,Electrical Engineering,ELEC,0.85
664437210,Electronics and Telecommunication Engg,ELEC,0.85
664461210,Mechanical Engineering,MECH,0.85
664490010,Electronics and Computer Science,ELEC,0.85
664491110,Computer Science and Engineering(Artificial Intelligence and Machine Learning),COMP,0.85
664491210,Computer Science and Engineering(Data Science),COMP,0.85
664919110,Civil Engineering,CIVI,0.85
664924510,Computer Engineering,COMP,0.85
664929310,Electrical Engineering,ELEC,0.85
664937210,Electronics and Telecommunication Engg,ELEC,0.85
671424210,Computer Science and Engineering,COMP,0.85
671429310,Electrical Engineering,ELEC,0.85
671437210,Electronics and Telecommunication Engg,ELEC,0.85
671461210,Mechanical Engineering,MECH,0.85
673219110,Civil Engineering,CIVI,0.85
673224510,Computer Engineering,COMP,0.85
673237210,Electronics and Telecommunication Engg,ELEC,0.85
673261210,Mechanical Engineering,MECH,0.85
673299510,Artificial Intelligence and Data Science,ARTI,0.85
675424510,Computer Engineering,COMP,0.85
675424610,Information Technology,INFO,0.85
675437210,Electronics and Telecommunication Engg,ELEC,0.85
675519110,Civil Engineering,CIVI,0.85
675524510,Computer Engineering,COMP,0.85
675526310,Artificial Intelligence (AI) and Data Science,ARTI,0.85
675537210,Electronics and Telecommunication Engg,ELEC,0.85
675561210,Mechanical Engineering,MECH,0.85
675619110,Civil Engineering,CIVI,0.85
675624210,Computer Science and Engineering,COMP,0.85
675629310,Electrical Engineering,ELEC,0.85
675637210,Electronics and Telecommunication Engg,ELEC,0.85
675661210,Mechanical Engineering,MECH,0.85
675699510,Artificial Intelligence and Data Science,ARTI,0.85
675719110,Civil Engineering,CIVI,0.85
675724210,Computer Science and Engineering,COMP,0.85
675726010,Computer Science and Engineering (Cyber Security),COMP,0.85
675726310,Artificial Intelligence (AI) and Data Science,ARTI,0.85
675726610,Robotics and Artificial Intelligence,ROBO,0.85
675727310,Cloud Computing,CLOU,0.85
675729310,Electrical Engineering,ELEC,0.85
675737210,Electronics and Telecommunication Engg,ELEC,0.85
675761210,Mechanical Engineering,MECH,0.85
675762410,Mechatronics Engineering,MECH,0.85
675824510,Computer Engineering,COMP,0.85
675837210,Electronics and Telecommunication Engg,ELEC,0.85
675892110,Artificial Intelligence and Machine Learning,ARTI,0.85
675899510,Artificial Intelligence and Data Science,ARTI,0.85
675924510,Computer Engineering,COMP,0.85
675999510,Artificial Intelligence and Data Science,ARTI,0.85
676619110,Civil Engineering,CIVI,0.85
676624510,Computer Engineering,COMP,0.85
676626310,Artificial Intelligence (AI) and Data Science,ARTI,0.85
676637210,Electronics and Telecommunication Engg,ELEC,0.85
676661210,Mechanical Engineering,MECH,0.85
676692110,Artificial Intelligence and Machine Learning,ARTI,0.85
676719110,Civil Engineering,CIVI,0.85
676724510,Computer Engineering,COMP,0.85
676724610,Information Technology,INFO,0.85
676791210,Computer Science and Engineering(Data Science),COMP,0.85
676824510,Computer Engineering,COMP,0.85
676919110,Civil Engineering,CIVI,0.85
676924510,Computer Engineering,COMP,0.85
676924610,Information Technology,INFO,0.85
676937210,Electronics and Telecommunication Engg,ELEC,0.85
676961210,Mechanical Engineering,MECH,0.85
677024510,Computer Engineering,COMP,0.85
677024610,Information Technology,INFO,0.85
677061210,Mechanical Engineering,MECH,0.85
677124510,Computer Engineering,COMP,0.85
677224510,Computer Engineering,COMP,0.85
677224610,Information Technology,INFO,0.85
677229310,Electrical Engineering,ELEC,0.85
677237210,Electronics and Telecommunication Engg,ELEC,0.85
677261210,Mechanical Engineering,MECH,0.85
678019110,Civil Engineering,CIVI,0.85
678024210,Computer Science and Engineering,COMP,0.85
678029310,Electrical Engineering,ELEC,0.85
678061210,Mechanical Engineering,MECH,0.85
678091210,Computer Science and Engineering(Data Science),COMP,0.85
678119110,Civil Engineering,CIVI,0.85
678124210,Computer Science and Engineering,COMP,0.85
678137210,Electronics and Telecommunication Engg,ELEC,0.85
678219110,Civil Engineering,CIVI,0.85
678229310,Electrical Engineering,ELEC,0.85
678261210,Mechanical Engineering,MECH,0.85
678299510,Artificial Intelligence and Data Science,ARTI,0.85
679419110,Civil Engineering,CIVI,0.85
679424510,Computer Engineering,COMP,0.85
679424610,Information Technology,INFO,0.85
679437210,Electronics and Telecommunication Engg,ELEC,0.85
679437810,Electronics Engineering ( VLSI Design and Technology),ELEC,0.85
679461210,Mechanical Engineering,MECH,0.85
679492810,Electronics and Communication(Advanced Communication Technology),ELEC,0.85
679499510,Artificial Intelligence and Data Science,ARTI,0.85
679524510,Computer Engineering,COMP,0.85
679619110,Civil Engineering,CIVI,0.85
679624510,Computer Engineering,COMP,0.85
679637210,Electronics and Telecommunication Engg,ELEC,0.85
679661210,Mechanical Engineering,MECH,0.85
679724210,Computer Science and Engineering,COMP,0.85
679792610,Electrical and Computer Engineering,ELEC,0.85
679924210,Computer Science and Engineering,COMP,0.85
679992110,Artificial Intelligence and Machine Learning,ARTI,0.85
680319110,Civil Engineering,CIVI,0.85
680324210,Computer Science and Engineering,COMP,0.85
680329310,Electrical Engineering,ELEC,0.85
680337210,Electronics and Telecommunication Engg,ELEC,0.85
680337910,ELECTRONICS AND COMMUNICATION ENGINEERING (BIO-MEDICAL ENGINEERING),ELEC,0.85
680361210,Mechanical Engineering,MECH,0.85
680391110,Computer Science and Engineering(Artificial Intelligence and Machine Learning),COMP,0.85
680824510,Computer Engineering,COMP,0.85
680826310,Artificial Intelligence (AI) and Data Science,ARTI,0.85
680861210,Mechanical Engineering,MECH,0.85
681119110,Civil Engineering,CIVI,0.85
681124210,Computer Science and Engineering,COMP,0.85
681129310,Electrical Engineering,ELEC,0.85
681137210,Electronics and Telecommunication Engg,ELEC,0.85
681161210,Mechanical Engineering,MECH,0.85
681524510,Computer Engineering,COMP,0.85
682219110,Civil Engineering,CIVI,0.85
682224510,Computer Engineering,COMP,0.85
682224610,Information Technology,INFO,0.85
682237210,Electronics and Telecommunication Engg,ELEC,0.85
682261210,Mechanical Engineering,MECH,0.85
683424510,Computer Engineering,COMP,0.85
683426310,Artificial Intelligence (AI) and Data Science,ARTI,0.85
683492110,Artificial Intelligence and Machine Learning,ARTI,0.85
683919110,Civil Engineering,CIVI,0.85
683924210,Computer Science and Engineering,COMP,0.85
683929310,Electrical Engineering,ELEC,0.85
683991210,Computer Science and Engineering(Data Science),COMP,0.85
687819110,Civil Engineering,CIVI,0.85
687890010,Electronics and Computer Science,ELEC,0.85
687891110,Computer Science and Engineering(Artificial Intelligence and Machine Learning),COMP,0.85
690124210,Computer Science and Engineering,COMP,0.85
690137210,Electronics and Telecommunication Engg,ELEC,0.85
690158510,MECHANICAL AND RAIL ENGINEERING,MECH,0.85
690184410,Electronics and Computer Engineering,ELEC,0.85
690199510,Artificial Intelligence and Data Science,ARTI,0.85
699124510,Computer Engineering,COMP,0.85
699156610,Computer Science,COMP,0.85
699184410,Electronics and Computer Engineering,ELEC,0.85
699199510,Artificial Intelligence and Data Science,ARTI,0.85
1400508310,Biotechnology and Biochemical Engineering,BIOT,0.85
1400508410,Pharmaceutical Engineering,PHAR,0.85
1400550110,Plastic and Polymer Engineering,PLAS,0.85
1400550310,Food Technology,FOOD,0.85
1400550710,Chemical Engineering,CHEM,0.85
1400552410,Paper and Pulp Technology,PAPE,0.85
1400552710,Petro Chemical Engineering,PETR,0.85
1400552910,Oil Technology,OIL ,0.85
1400572910,Surface Coating Technology,SURF,0.85
1600619110,Civil Engineering,CIVI,0.85
1600624210,Computer Science and Engineering,COMP,0.85
1600629310,Electrical Engineering,ELEC,0.85
1600637210,Electronics and Telecommunication Engg,ELEC,0.85
1600646410,Instrumentation and Control Engineering,INST,0.85
1600661210,Mechanical Engineering,MECH,0.85
1600662710,Manufacturing Science and Engineering,MANU,0.85
1600669410,Metallurgy and Material Technology,META,0.85
1600692110,Artificial Intelligence and Machine Learning,ARTI,0.85
1635124210,Computer Science and Engineering,COMP,0.85
1635192110,Artificial Intelligence and Machine Learning,ARTI,0.85
1635224210,Computer Science and Engineering,COMP,0.85
1635224610,Information Technology,INFO,0.85
1635237210,Electronics and Telecommunication Engg,ELEC,0.85
1635299510,Artificial Intelligence and Data Science,ARTI,0.85
1635424510,Computer Engineering,COMP,0.85
1635492110,Artificial Intelligence and Machine Learning,ARTI,0.85
1635524210,Computer Science and Engineering,COMP,0.85
1635592110,Artificial Intelligence and Machine Learning,ARTI,0.85
1635724510,Computer Engineering,COMP,0.85
1635724610,Information Technology,INFO,0.85
1635737210,Electronics and Telecommunication Engg,ELEC,0.85
1635791110,Computer Science and Engineering(Artificial Intelligence and Machine Learning),COMP,0.85
1637124210,Computer Science and Engineering,COMP,0.85
