college_id,college_name,district,college_type,nirf_rank_proxy
1002,"Government College of Engineering, Amravati",Maharashtra,Engineering,1
1005,"Sant Gadge Baba Amravati University,Amravati",Maharashtra,Engineering,2
1012,"Government College of Engineering,Yavatmal",Maharashtra,Engineering,3
1101,"Shri Sant Gajanan Maharaj College of Engineering,Shegaon",Maharashtra,Engineering,4
1105,"Prof. Ram Meghe Institute of Technology & Research, Amravati",Maharashtra,Engineering,5
1107,"P. R. Pote Patil College of Engineering & Management, Amravati",Maharashtra,Engineering,6
1114,"Sipna Shikshan Prasarak Mandal College of Engineering & Technology, Amravati",Maharashtra,Engineering,7
1116,"Shri Shivaji Education Society's College of Engineering and Technology, Akola",Maharashtra,Engineering,8
1117,"Janata Shikshan Prasarak Mandal’s Babasaheb Naik College Of Engineering, Pusad",Maharashtra,Engineering,9
1119,ANURADHA COLLEGE OF ENGINEERING & TECHNOLOGY,Maharashtra,Engineering,10
1120,"Jawaharlal Darda Institute of Engineering and Technology, Yavatmal",Maharashtra,Engineering,11
1121,"Shri Hanuman Vyayam Prasarak Mandals College of Engineering & Technology, Amravati",Maharashtra,Engineering,12
1123,"Dr.Rajendra Gode Institute of Technology & Research, Amravati",Maharashtra,Engineering,13
1125,"Dwarka Bahu Uddeshiya Gramin Vikas Foundation, Rajarshi Shahu College of Engineering, Buldhana",Maharashtra,Engineering,14
1126,"Takshashila Institute of Engineering & Technology, Darapur, Amravati",Maharashtra,Engineering,15
1127,"Jagadambha Bahuuddeshiya Gramin Vikas Sanstha's Jagdambha College of Engineering and Technology, Yavatmal",Maharashtra,Engineering,16
1128,"Prof Ram Meghe College of Engineering and Management, Badnera",Maharashtra,Engineering,17
1130,"Vision Buldhana Educational & Welfare Society's Pankaj Laddhad Institute of Technology & Management Studies, Yelgaon",Maharashtra,Engineering,18
1180,"Sanmati Engineering College, Sawargaon Barde, Washim",Maharashtra,Engineering,19
1182,"Padmashri Dr. V.B. Kolte College of Engineering, Malkapur, Buldhana",Maharashtra,Engineering,20
1265,"Mauli Group of Institutions, College of Engineering and Technology, Shegaon.",Maharashtra,Engineering,21
1268,"Siddhivinayak Technical Campus, School of Engineering & Research Technology, Shirasgon, Nile",Maharashtra,Engineering,22
1276,"Manav School of Engineering & Technology, Gut No. 1035 Nagpur Surat Highway, NH No. 6 Tal.Vyala, Balapur, Akola, 444302",Maharashtra,Engineering,23
2008,"Government College of Engineering, Chhatrapati Sambhajinagar",Maharashtra,Engineering,24
2015,"PURANMAL LAHOTI GOVERNMENT INSTITUTE OF ENGINEERING AND TECHNOLOGY, LATUR",Maharashtra,Engineering,25
2020,"Shri Guru Gobind Singhji Institute of Engineering and Technology, Nanded",Maharashtra,Engineering,26
2021,"University Department of Chemical Technology, Aurangabad",Maharashtra,Engineering,27
2032,"Institute of Chemical Technology, Mumbai Marathwada off campus, Jalna",Maharashtra,Engineering,28
2112,"Shree Yash Pratishthan, Shreeyash College of Engineering and Technology, Aurangabad",Maharashtra,Engineering,29
2113,"G. S. Mandal's Maharashtra Institute of Technology, Aurangabad",Maharashtra,Engineering,30
2114,"Deogiri Institute of Engineering and Management Studies, Aurangabad",Maharashtra,Engineering,31
2116,"Matoshri Pratishan's Group of Institutions (Integrated Campus), Kupsarwadi , Nanded",Maharashtra,Engineering,32
2127,"Mahatma Gandhi Missions College of Engineering, Hingoli Rd, Nanded.",Maharashtra,Engineering,33
2129,"M.S. Bidve Engineering College, Latur",Maharashtra,Engineering,34
2130,"Terna Public Charitable Trust's College of Engineering, Osmanabad",Maharashtra,Engineering,35
2131,"Shree Tuljabhavani College of Engineering, Tuljapur",Maharashtra,Engineering,36
2133,"Mahatma Basaweshwar Education Society's College of Engineering, Ambejogai",Maharashtra,Engineering,37
2134,"Peoples Education Society's College of Engineering, Aurangabad",Maharashtra,Engineering,38
2135,"Hi-Tech Institute of Technology, Aurangabad",Maharashtra,Engineering,39
2136,"Aditya Engineering College , Beed",Maharashtra,Engineering,40
2137,"Nagnathappa Halge Engineering College, Parli, Beed",Maharashtra,Engineering,41
2138,"Matsyodari Shikshan Sansatha's College of Engineering and Technology, Jalna",Maharashtra,Engineering,42
2146,"Adarsh Shikshan Prasarak Mandal's K. T. Patil College of Engineering and Technology, Osmanabad",Maharashtra,Engineering,43
2189,"Vishweshwarayya Institute Of Engineering And Technology, Almala, Tq. Ausa, Dist. Latur",Maharashtra,Engineering,44
2250,"Aurangabad College of Engineering, Naygaon Savangi, Aurangabad",Maharashtra,Engineering,45
2250,CHHATRAPATI SAMBHAJI MAHARAJ COLLEGE OF ENGINEERING,Maharashtra,Engineering,46
2252,"Marathwada Shikshan Prasarak Mandal's Shri Shivaji Institute of Engineering and Management Studies, Parbhani",Maharashtra,Engineering,47
2254,"Vilasrao Deshmukh Foundation Group of Institutions, Latur",Maharashtra,Engineering,48
2282,"Mitthulalji Sarada Institute Of Technology, Nalwandi Road, Beed",Maharashtra,Engineering,49
2508,GRAMIN TECHNICAL AND MANAGEMENT CAMPUS NANDED.,Maharashtra,Engineering,50
2516,International Centre Of Excellence In Engineering and Management (ICEEM),Maharashtra,Engineering,51
2522,"STMEI's Sandipani Technical Campus-Faculty of Engineering, Latur.",Maharashtra,Engineering,52
2533,"CSMSS Chh. Shahu College of Engineering, Aurangabad",Maharashtra,Engineering,53
2634,"Eaglewood Polytechnic Institute, A.P Phulepimpalgaon",Maharashtra,Engineering,54
2637,"Jijau Institute of Engineering Technology and Management, Khandgaon (Bendri), Taluka Naigaon, District Nanded",Maharashtra,Engineering,55
2641,Dr. V.K. Patil College of Engineering & Technology,Maharashtra,Engineering,56
2666,Mangaldeep College of Engineering,Maharashtra,Engineering,57
2758,Sant Eknath College of Engineering,Maharashtra,Engineering,58
2770,"Shetkari Shikshan Prasarak Mandal's Mahesh Institute of Engineering and Technology , Ashti",Maharashtra,Engineering,59
2772,JSPM College of Engineering,Maharashtra,Engineering,60
2772,"JSPM College of Engineering, Latur",Maharashtra,Engineering,61
2777,CDS College of Engineering,Maharashtra,Engineering,62
2779,NKSPT INSTITUTE OF ENGINEERING AND TECHNOLOGY PATHIKAR CAMPUS,Maharashtra,Engineering,63
2805,Urvara Pathrikar Engineering College,Maharashtra,Engineering,64
3012,"Veermata Jijabai Technological Institute(VJTI), Matunga, Mumbai",Maharashtra,Engineering,65
3014,"Sardar Patel College of Engineering, Andheri",Maharashtra,Engineering,66
3033,"Dr. Babasaheb Ambedkar Technological University, Lonere",Maharashtra,Engineering,67
3035,"Usha Mittal Institute of Technology SNDT Women's University, Mumbai",Maharashtra,Engineering,68
3036,"Institute of Chemical Technology, Matunga, Mumbai",Maharashtra,Engineering,69
3042,"Loknete Shamrao Peje Government College of Engineering, Ratnagiri",Maharashtra,Engineering,70
3135,"Manjara Charitable Trust's Rajiv Gandhi Institute of Technology, Mumbai",Maharashtra,Engineering,71
3139,"Vidyalankar Institute of Technology,Wadala, Mumbai",Maharashtra,Engineering,72
3146,"Jawahar Education Society's Annasaheb Chudaman Patil College of Engineering,Kharghar, Navi Mumbai",Maharashtra,Engineering,73
3147,"Saraswati Education Society, Yadavrao Tasgaonkar Institute of Engineering & Technology, Karjat",Maharashtra,Engineering,74
3148,"Mahavir Education Trust's Shah & Anchor Kutchhi Engineering College, Mumbai",Maharashtra,Engineering,75
3154,"Saraswati Education Society's Saraswati College of Engineering,Kharghar Navi Mumbai",Maharashtra,Engineering,76
3175,"M.G.M.'s College of Engineering and Technology, Kamothe, Navi Mumbai",Maharashtra,Engineering,77
3176,"Thakur College of Engineering and Technology, Kandivali, Mumbai",Maharashtra,Engineering,78
3184,"Fr. Conceicao Rodrigues College of Engineering, Bandra,Mumbai",Maharashtra,Engineering,79
3185,"Vivekanand Education Society's Institute of Technology, Chembur, Mumbai",Maharashtra,Engineering,80
3187,"N.Y.S.S.'s Datta Meghe College of Engineering, Airoli, Navi Mumbai",Maharashtra,Engineering,81
3188,"Vasantdada Patil Pratishthan's College Of Engineering and Visual Arts, Sion, Mumbai",Maharashtra,Engineering,82
3189,"Bharati Vidyapeeth College of Engineering, Navi Mumbai",Maharashtra,Engineering,83
3190,"Terna Engineering College, Nerul, Navi Mumbai",Maharashtra,Engineering,84
3192,"Smt. Indira Gandhi College of Engineering, Navi Mumbai",Maharashtra,Engineering,85
3193,"Shivajirao S. Jondhale College of Engineering, Dombivali,Mumbai",Maharashtra,Engineering,86
3194,"Vidyavardhini's College of Engineering and Technology, Vasai",Maharashtra,Engineering,87
3196,"Lokmanya Tilak College of Engineering, Kopar Khairane, Navi Mumbai",Maharashtra,Engineering,88
3197,"Agnel Charities' FR. C. Rodrigues Institute of Technology, Vashi, Navi Mumbai",Maharashtra,Engineering,89
3198,"Konkan Gyanpeeth College of Engineering, Karjat",Maharashtra,Engineering,90
3199,"Shri Vile Parle Kelvani Mandal's Dwarkadas J. Sanghvi College of Engineering, Vile Parle,Mumbai",Maharashtra,Engineering,91
3200,"Hope Foundation and research center's Finolex Academy of Management and Technology, Ratnagiri",Maharashtra,Engineering,92
3202,Rajendra Mane College of Engineering & Technology Ambav Deorukh,Maharashtra,Engineering,93
3203,"Atharva College of Engineering,Malad(West),Mumbai",Maharashtra,Engineering,94
3204,"St. Francis Institute of Technology,Borivali, Mumbai",Maharashtra,Engineering,95
3206,"S.S.P.M.'s College of Engineering, Kankavli",Maharashtra,Engineering,96
3208,"Don Bosco Institute of Technology, Mumbai",Maharashtra,Engineering,97
3211,"S.I.E.S. Graduate School of Technology, Nerul, Navi Mumbai",Maharashtra,Engineering,98
3214,"Xavier Institute Of Engineering C/O Xavier Technical Institute,Mahim,Mumbai",Maharashtra,Engineering,99
3215,"Bhartiya Vidya Bhavan's Sardar Patel Institute of Technology , Andheri, Mumbai",Maharashtra,Engineering,100
3216,GHARDA INSTITUTE OF TECHNOLOGY & MANAGEMENT,Maharashtra,Engineering,101
3217,"Vighnaharata Trust's Shivajirao S. Jondhale College of Engineering & Technology, Shahapur, Asangaon, Dist Thane",Maharashtra,Engineering,102
3218,"Aldel Education Trust's St. John College of Engineering & Management, Vevoor, Palghar",Maharashtra,Engineering,103
3220,Yadavrao Tasgaonkar College of Engineering & Management,Maharashtra,Engineering,104
3221,"Vishnu Waman Thakur Charitable Trust's VIVA Institute of Technology, Virar",Maharashtra,Engineering,105
3223,"Mahatma Education Society's Pillai HOC College of Engineering & Technology, Tal. Khalapur. Dist. Raigad",Maharashtra,Engineering,106
3224,"Leela Education Society, G.V. Acharya Institute of Engineering and Technology, Shelu, Karjat",Maharashtra,Engineering,107
3257,"Vidya Prasarak Mandal's College of Engineering, Thane",Maharashtra,Engineering,108
3351,"Bharat College of Engineering, Kanhor, Badlapur(W)",Maharashtra,Engineering,109
3353,"Dilkap Research Institute Of Engineering and Management Studies, At.Mamdapur, Post- Neral, Tal- Karjat, Mumbai",Maharashtra,Engineering,110
3423,"Shree L.R. Tiwari College of Engineering, Mira Road, Mumbai",Maharashtra,Engineering,111
3436,"B.R. Harne College of Engineering & Technology, Karav, Tal-Ambernath.",Maharashtra,Engineering,112
3439,Anjuman-I-Islam's Kalsekar Technical Campus School of Engineering & Technology,Maharashtra,Engineering,113
3447,"G.M.Vedak Institute of Technology, Tala, Raigad.",Maharashtra,Engineering,114
3462,"VPM's Maharshi Parshuram College of Engineering, Velneshwar, Ratnagiri.",Maharashtra,Engineering,115
3465,"Ideal Institute of Technology, Wada, Dist.Thane",Maharashtra,Engineering,116
3467,"Vishwaniketan's Institute of Management Entrepreneurship and Engineering Technology(i MEET), Khalapur Dist Raigad",Maharashtra,Engineering,117
3470,YASHWANTRAO BHONSALE INSTITUTE OF TECHNOLOGY,Maharashtra,Engineering,118
3471,"New Horizon Institute of Technology & Management, Thane",Maharashtra,Engineering,119
3477,"Chhartrapati Shivaji Maharaj Institute of Technology, Shedung, Panvel",Maharashtra,Engineering,120
3546,Devi Mahalaxmi College of Engineering and Technology,Maharashtra,Engineering,121
3723,"Navjeevan Education Society's College of Engineering, Bhandup(W), Mumbai",Maharashtra,Engineering,122
3725,"MAEER's Maharashtra Institute of Technology, Thane",Maharashtra,Engineering,123
3726,IImperial College of Engineering,Maharashtra,Engineering,124
4004,"Government College of Engineering, Chandrapur",Maharashtra,Engineering,125
4025,"Government College of Engineering, Nagpur",Maharashtra,Engineering,126
4026,University Institute of Technology,Maharashtra,Engineering,127
4104,"Kavi Kulguru Institute of Technology & Science, Ramtek",Maharashtra,Engineering,128
4116,"Ankush Shikshan Sanstha's G.H.Raisoni College of Engineering, Nagpur",Maharashtra,Engineering,129
4118,"Bapurao Deshmukh College of Engineering, Sevagram",Maharashtra,Engineering,130
4123,"Lokmanya Tilak Jankalyan Shikshan Sanstha, Priyadarshani College of Engineering, Nagpur",Maharashtra,Engineering,131
4133,"Sanmarg Shikshan Sanstha's Smt. Radhikatai Pandav College of Engineering, Nagpur",Maharashtra,Engineering,132
4134,"Guru Nanak Institute of Engineering & Technology,Kalmeshwar, Nagpur",Maharashtra,Engineering,133
4135,"Amar Seva Mandal's Shree Govindrao Vanjari College of Engineering & Technology, Nagpur",Maharashtra,Engineering,134
4137,"Sir Shantilal Badjate Charitable Trust's S. B. Jain Institute of technology, Management & Research, Nagpur",Maharashtra,Engineering,135
4138,"Jaidev Education Society, J D College of Engineering and Management, Nagpur",Maharashtra,Engineering,136
4139,"Samridhi Sarwajanik Charitable Trust, Jhulelal Institute of Technology, Nagpur",Maharashtra,Engineering,137
4141,"Shriram Gram Vikas Shikshan Sanstha, Vilasrao Deshmukh College of Engineering and Technology, Nagpur",Maharashtra,Engineering,138
4142,"G H Raisoni College of Engineering & Management, Nagpur",Maharashtra,Engineering,139
4143,"Sanmarg Shikshan Sanstha, Mandukarrao Pandav College of Engineering, Bhandara",Maharashtra,Engineering,140
4144,"Shri. Sai Shikshan Sanstha, Nagpur Institute of Technology, Nagpur",Maharashtra,Engineering,141
4145,"Wainganga College of Engineering and Management, Dongargaon, Nagpur",Maharashtra,Engineering,142
4147,"K.D.K. College of Engineering, Nagpur",Maharashtra,Engineering,143
4151,"Tulsiramji Gaikwad Patil College of Engineering & Technology, Nagpur",Maharashtra,Engineering,144
4163,Rajiv Gandhi College of Engineering Research & Technology Chandrapur,Maharashtra,Engineering,145
4167,"Yeshwantrao Chavan College of Engineering,Wanadongri, Nagpur",Maharashtra,Engineering,146
4174,"ST. Vincent Pallotti College of Engineering & Technology, Nagpur",Maharashtra,Engineering,147
4175,"JMSS Shri Shankarprasad Agnihotri College of Engineering, Wardha",Maharashtra,Engineering,148
4177,"Priyadarshini Bhagwati College of Engineering, Harpur Nagar, Umred Road,Nagpur",Maharashtra,Engineering,149
4181,"Swaminarayan Siddhanta Institute Of Technology, Nagpur",Maharashtra,Engineering,150
4188,"Krushi Jivan Vikas Pratishthan, Ballarpur Institute of Technology, Mouza Bamni",Maharashtra,Engineering,151
4190,"M.D. Yergude Memorial Shikshan Prasarak Mandal's Shri Sai College of Engineering & Technology, Bhadrawati",Maharashtra,Engineering,152
4192,"Maitraya Education Society, Nagarjuna Institute of Engineering Technology & Management, Nagpur",Maharashtra,Engineering,153
4193,"K.D.M. Education Society, Vidharbha Institute of Technology,Umred Road ,Nagpur",Maharashtra,Engineering,154
4196,"Gurunanak Educational Society's Gurunanak Institute of Technology, Nagpur",Maharashtra,Engineering,155
4197,"Jai Mahakali Shikshan Sanstha, Agnihotri College of Engineering, Sindhi(Meghe)",Maharashtra,Engineering,156
4302,"Gondia Education Society's Manoharbhai Patel Institute Of Engineering & Technology, Shahapur, Bhandara",Maharashtra,Engineering,157
4304,"Cummins College of Engineering For Women, Sukhali (Gupchup), Tal. Hingna Hingna Nagpur",Maharashtra,Engineering,158
4613,"Suryodaya College of Engineering & Technology, Nagpur",Maharashtra,Engineering,159
4648,"R.V. Parankar College of Engineering & Technology, Arvi, Dist Wardha",Maharashtra,Engineering,160
4679,"Karanjekar College of Engineering & Management, Sakoli",Maharashtra,Engineering,161
4703,"Somayya Institute of Technology, Chandrapur",Maharashtra,Engineering,162
5003,"University Institute of Chemical Technology, North Maharashtra University, Jalgaon",Maharashtra,Engineering,163
5004,"Government College of Engineering, Jalgaon",Maharashtra,Engineering,164
5103,"Shri Shivaji Vidya Prasarak Sanstha's Late Bapusaheb Shivaji Rao Deore College of Engineering,Dhule",Maharashtra,Engineering,165
5104,"Shramsadhana Bombay Trust, College of Engineering & Technology, Jalgaon",Maharashtra,Engineering,166
5106,"Khandesh College Education Society's College Of Engineering And Management, Jalgaon",Maharashtra,Engineering,167
5108,"Maratha Vidya Prasarak Samaj's Karmaveer Adv. Baburao Ganpatrao Thakare College Of Engineering, Nashik",Maharashtra,Engineering,168
5109,"Sandip Foundation, Sandip Institute of Technology and Research Centre, Mahiravani, Nashik",Maharashtra,Engineering,169
5121,"K. K. Wagh Institute of Engineering Education and Research, Nashik",Maharashtra,Engineering,170
5124,"Jagadamba Education Soc. Nashik's S.N.D. College of Engineering & Research, Babulgaon",Maharashtra,Engineering,171
5125,"Pravara Rural Education Society's Sir Visvesvaraya Institute of Technology, Chincholi Dist. Nashik",Maharashtra,Engineering,172
5130,"Brahma Valley College of Engineering & Research, Trimbakeshwar, Nashik",Maharashtra,Engineering,173
5139,"Pravara Rural College of Engineering, Loni, Pravaranagar, Ahmednagar.",Maharashtra,Engineering,174
5151,"MET Bhujbal Knowledge City MET League's Engineering College, Adgaon, Nashik.",Maharashtra,Engineering,175
5152,"G H Raisoni College of Engineering and Management, Jalgaon",Maharashtra,Engineering,176
5160,"Sanjivani Rural Education Society's Sanjivani College of Engineering, Kopargaon",Maharashtra,Engineering,177
5161,"Dr. Vithalrao Vikhe Patil College of Engineering, Ahmednagar",Maharashtra,Engineering,178
5162,"Amrutvahini Sheti & Shikshan Vikas Sanstha's Amrutvahini College of Engineering, Sangamner",Maharashtra,Engineering,179
5168,"T.M.E. Society's J.T.Mahajan College of Engineering, Faizpur",Maharashtra,Engineering,180
5169,"Nagaon Education Society's Gangamai College of Engineering, Nagaon, Tal Dist Dhule",Maharashtra,Engineering,181
5170,"Hindi Seva Mandal's Shri Sant Gadgebaba College of Engineering & Technology, Bhusawal",Maharashtra,Engineering,182
5171,"Godavari Foundation's Godavari College Of Engineering, Jalgaon",Maharashtra,Engineering,183
5172,"R. C. Patel Institute of Technology, Shirpur",Maharashtra,Engineering,184
5173,"SNJB's Late Sau. Kantabai Bhavarlalji Jain College of Engineering, (Jain Gurukul), Neminagar,Chandwad,(Nashik)",Maharashtra,Engineering,185
5177,"Matoshri College of Engineering and Research Centre, Eklahare, Nashik",Maharashtra,Engineering,186
5179,"Vishwabharati Academy's College of Engineering, Ahmednagar",Maharashtra,Engineering,187
5181,"Gokhale Education Society's, R.H. Sapat College of Engineering, Management Studies and Research, Nashik",Maharashtra,Engineering,188
5182,"Kalyani Charitable Trust, Late Gambhirrao Natuba Sapkal College of Engineering, Anjaneri, Trimbakeshwar Road, Nashik",Maharashtra,Engineering,189
5223,"SMT. SHARCHCHANDRIKA SURESH PATIL INSTITUTE OF TECHNOLOGY (ENGINEERING & POLYTECHNIC), CHOPDA",Maharashtra,Engineering,190
5244,"MET's Institute of Technology Polytechnic, Bhujbal Knowledge City, Adgaon Nashik",Maharashtra,Engineering,191
5249,"Trimurti Shikshan Prasarak Mandal, Trimurti Institute Of Technology, Paladhi Bk, Jalgaon",Maharashtra,Engineering,192
5256,Matoshri Aasarabai Institute of Technology and Research Centre,Maharashtra,Engineering,193
5263,"Matoshri Education Soceity, Matoshri Institute Of Technology, Dhanore, Nashik",Maharashtra,Engineering,194
5303,"Hon. Shri. Babanrao Pachpute Vichardhara Trust, Group of Institutions (Integrated Campus)-Parikrama, Kashti Shrigondha,",Maharashtra,Engineering,195
5330,"PUNE VIDYARTHI GRIHA’S COLLEGE OF ENGINEERING & SHRIKRUSHNA S. DHAMANKAR INSTITUTE OF MANAGEMENT,NASHIK",Maharashtra,Engineering,196
5331,"Sandip Foundation's, Sandip Institute of Engineering & Management, Nashik",Maharashtra,Engineering,197
5370,"Kedareshwar Gramin Vikas Pratishthan, Samajbhushan Eknathrao Dhakane College, of Engineering, Shevgaon",Maharashtra,Engineering,198
5380,"Adsul's Technical Campus, Chas Dist. Ahmednagar",Maharashtra,Engineering,199
5381,"Shri. Jaykumar Rawal Institute of Technology, Dondaicha.",Maharashtra,Engineering,200
5382,"Ahmednagar Jilha Maratha Vidya Prasarak Samajache, Shri. Chhatrapati Shivaji Maharaj College of Engineering, Nepti",Maharashtra,Engineering,201
5390,"K.V.N. Naik S. P. Sansth's Loknete Gopinathji Munde Institute of Engineering Education & Research, Nashik.",Maharashtra,Engineering,202
5395,Ashok Institute of Engineering & Technology,Maharashtra,Engineering,203
5396,"College of Engineering and Technology ,North Maharashtra Knowledge City, Jalgaon",Maharashtra,Engineering,204
5399,"Sanghavi College of Engineering, Varvandi, Nashik.",Maharashtra,Engineering,205
5401,"Jawahar Education Society's Institute of Technology, Management & Research, Nashik.",Maharashtra,Engineering,206
5408,"Vidya Niketan College of Engineering, Bota Sangamner",Maharashtra,Engineering,207
5409,"Rajiv Gandhi College of Engineering, At Post Karjule Hariya Tal.Parner, Dist.Ahmednagar",Maharashtra,Engineering,208
5414,"Nikam Institute of Technology And Management Studies ,Dhule",Maharashtra,Engineering,209
5418,"Guru Gobind Singh College of Engineering & Research Centre, Nashik.",Maharashtra,Engineering,210
5497,"P.G. College of Engineering & Technology, Nandurbar",Maharashtra,Engineering,211
5509,"Shri Swami Samarth Institute of Management and Technology, Malwadi-Bota",Maharashtra,Engineering,212
5513,"MKD Institute of Technology, Nadurbar",Maharashtra,Engineering,213
5597,VAMANRAO ITHAPE COLLEGE OF ENGINEERING AND MANAGEMENT,Maharashtra,Engineering,214
6004,"Government College of Engineering & Research, Avasari Khurd",Maharashtra,Engineering,215
6005,"Government College of Engineering, Karad",Maharashtra,Engineering,216
6007,"Walchand College of Engineering, Sangli",Maharashtra,Engineering,217
6028,SHIVAJI UNIVERSITY SCHOOL OF ENGINEERING AND TECHNOLOGY (DEPARTMENT OF TECHNOLOGY),Maharashtra,Engineering,218
6036,"Government College of Engineering, Kolhapur",Maharashtra,Engineering,219
6041,"Punyashlok Ahilyadevi Holkar Solapur University, Solapur",Maharashtra,Engineering,220
6122,"TSSMS's Pd. Vasantdada Patil Institute of Technology, Bavdhan, Pune",Maharashtra,Engineering,221
6138,"Genba Sopanrao Moze Trust Parvatibai Genba Moze College of Engineering,Wagholi, Pune",Maharashtra,Engineering,222
6139,"Progressive Education Society's Modern College of Engineering, Pune",Maharashtra,Engineering,223
6141,"Jaywant Shikshan Prasarak Mandal's,Rajarshi Shahu College of Engineering, Tathawade, Pune",Maharashtra,Engineering,224
6144,"Genba Sopanrao Moze College of Engineering, Baner-Balewadi, Pune",Maharashtra,Engineering,225
6145,"JSPM'S Jaywantrao Sawant College of Engineering,Pune",Maharashtra,Engineering,226
6146,"MIT Academy of Engineering,Alandi, Pune",Maharashtra,Engineering,227
6155,"G.H.Raisoni College of Engineering & Management, Wagholi, Pune",Maharashtra,Engineering,228
6156,"Marathwada Mitra Mandal's College of Engineering, Karvenagar, Pune",Maharashtra,Engineering,229
6175,"Pimpri Chinchwad Education Trust, Pimpri Chinchwad College of Engineering, Pune",Maharashtra,Engineering,230
6177,"Sinhgad College of Engineering, Vadgaon (BK), Pune",Maharashtra,Engineering,231
6178,"Sinhgad Technical Education Society's Smt. Kashibai Navale College of Engineering,Vadgaon,Pune",Maharashtra,Engineering,232
6179,"Indira College of Engineering & Management, Pune",Maharashtra,Engineering,233
6182,"Sinhgad Technical Education Society, Sinhgad Institute of Technology and Science, Narhe (Ambegaon)",Maharashtra,Engineering,234
6184,"K. J.'s Educational Institut Trinity College of Engineering and Research, Pisoli, Haveli",Maharashtra,Engineering,235
6185,"Sinhgad Institute of Technology, Kusgaon (BK) Lonavala",Maharashtra,Engineering,236
6187,"Sinhgad Academy of Engineering, Kondhwa (BK) Kondhwa-Saswad Road, Pune",Maharashtra,Engineering,237
6203,"Marathwada Mitra Mandal's Institute of Technology, Lohgaon, Pune",Maharashtra,Engineering,238
6206,"Pune District Education Association's College of Engineering, Manjari(Bk), Hadapsar, Pune",Maharashtra,Engineering,239
6207,"Dr. D. Y. Patil Unitech Society's Dr. D. Y. Patil Institute of Technology, Pimpri, Pune",Maharashtra,Engineering,240
6214,"K. E. Society's Rajarambapu Institute of Technology, Walwa, Sangli",Maharashtra,Engineering,241
6217,"Shri. Balasaheb Mane Shikshan Prasarak Mandal's, Ashokrao Mane Group of Institutions",Maharashtra,Engineering,242
6219,"KSGBS's Bharat- Ratna Indira Gandhi College of Engineering, Kegaon, Solapur",Maharashtra,Engineering,243
6220,"SVERI's College of Engineering, Pandharpur",Maharashtra,Engineering,244
6222,"Dattajirao Kadam Technical Education Society's Textile & Engineering Institute, Ichalkaranji.",Maharashtra,Engineering,245
6223,"Pradnya Niketan Education Society's Nagesh Karajagi Orchid College of Engineering & Technology, Solapur",Maharashtra,Engineering,246
6250,"D.Y. Patil College of Engineering and Technology, Kolhapur",Maharashtra,Engineering,247
6265,"Walchand Institute of Technology, Solapur",Maharashtra,Engineering,248
6267,"Kolhapur Institute of Technology's College of Engineering(Autonomous), Kolhapur",Maharashtra,Engineering,249
6268,"Tatyasaheb Kore Institute of Engineering and Technology, Warananagar",Maharashtra,Engineering,250
6269,"Shetkari Shikshan Mandal's Pad. Vasantraodada Patil Institute of Technology, Budhgaon, Sangli",Maharashtra,Engineering,251
6270,"Rayat Shikshan Sanstha's Karmaveer Bhaurao Patil College of Engineering, Satara",Maharashtra,Engineering,252
6271,Pune Institute of Computer Technology,Maharashtra,Engineering,253
6272,"Dr. D. Y. Patil Pratishthan's D.Y.Patil College of Engineering Akurdi, Pune",Maharashtra,Engineering,254
6273,"Bansilal Ramnath Agarawal Charitable Trust's Vishwakarma Institute of Technology, Bibwewadi, Pune",Maharashtra,Engineering,255
6274,"PVG's College of Engineering, Technology & Management",Maharashtra,Engineering,256
6275,"Shivnagar Vidya Prasarak Mandal's College of Engineering, Malegaon-Baramati",Maharashtra,Engineering,257
6276,"MKSSS's Cummins College of Engineering for Women, Karvenagar,Pune",Maharashtra,Engineering,258
6277,"Dr. J. J. Magdum Charitable Trust's Dr. J.J. Magdum College of Engineering, Jaysingpur",Maharashtra,Engineering,259
6278,"All India Shri Shivaji Memorial Society's College of Engineering, Pune",Maharashtra,Engineering,260
6281,"Modern Education Society's Wadia College of Engineering, Pune",Maharashtra,Engineering,261
6282,"All India Shri Shivaji Memorial Society's Institute of Information Technology,Pune",Maharashtra,Engineering,262
6283,"Annasaheb Dange College of Engineering and Technology, Ashta, Sangli",Maharashtra,Engineering,263
6284,"Vidya Pratishthan's Kamalnayan Bajaj Institute of Engineering & Technology, Baramati Dist.Pune",Maharashtra,Engineering,264
6285,"Bharati Vidyapeeth's College of Engineering for Women, Katraj, Dhankawadi, Pune",Maharashtra,Engineering,265
6288,"Bharati Vidyapeeth's College of Engineering, Kolhapur",Maharashtra,Engineering,266
6293,"Kai Amdar Bramhadevdada Mane Shikshan & Samajik Prathistan's Bramhadevdada Mane Institute of Technology, Solapur",Maharashtra,Engineering,267
6298,"Zeal Education Society's Zeal College of Engineering & Reserch, Narhe, Pune",Maharashtra,Engineering,268
6303,"Dr. Ashok Gujar Technical Institute's Dr. Daulatrao Aher College of Engineering, Karad",Maharashtra,Engineering,269
6304,"Loknete Hanumantrao Charitable Trust's Adarsh Institute of Technology and Research Centre, Vita,Sangli",Maharashtra,Engineering,270
6305,"Late Narayandas Bhawandas Chhabada Institute of Engineering & Technology, Satara",Maharashtra,Engineering,271
6307,"Dhole Patil Education Society, Dhole Patil College of Engineering, Wagholi, Tal. Haveli",Maharashtra,Engineering,272
6308,"Shanti Education Society, A.G. Patil Institute of Technology, Soregaon, Solapur(North)",Maharashtra,Engineering,273
6310,"Nutan Maharashtra Vidya Prasarak Mandal, Nutan Maharashtra Institute of Engineering &Technology, Talegaon station, Pune",Maharashtra,Engineering,274
6311,"Jayawant Shikshan Prasarak Mandal, Bhivarabai Sawant Institute of Technology & Research, Wagholi",Maharashtra,Engineering,275
6313,"Jaywant College of Engineering & Polytechnic , Kille Macchindragad Tal. Walva District- Sangali",Maharashtra,Engineering,276
6315,Sanjeevan Group of Institutions,Maharashtra,Engineering,277
6317,"Sharad Institute of Technology College of Engineering, Yadrav(Ichalkaranji)",Maharashtra,Engineering,278
6319,"Shahajirao Patil Vikas Pratishthan, S.B.Patil College of Engineering, Vangali, Tal. Indapur",Maharashtra,Engineering,279
6320,"K.J.'s Educational Institute's K.J.College of Engineering & Management Research, Pisoli",Maharashtra,Engineering,280
6321,"Vidya Vikas Pratishthan Institute of Engineering and Technology, Solapur",Maharashtra,Engineering,281
6322,"Shree Gajanan Maharaj Shikshan Prasarak Manda'l Sharadchandra Pawar College of Engineering, Dumbarwadi",Maharashtra,Engineering,282
6324,Rajgad Technical Campus,Maharashtra,Engineering,283
6326,Karmayogi Institute of Technology,Maharashtra,Engineering,284
6402,"NEW INSTITUTE OF TECHNOLOGY,KOLHAPUR",Maharashtra,Engineering,285
6444,"Shriram Institute Of Engineering & Technology, (Poly), Paniv",Maharashtra,Engineering,286
6467,"Swami Vivekanand Institute Of Technology, Solapur",Maharashtra,Engineering,287
6468,"Swami Vivekananda Shikshan Sanstha, Dr. Bapuji Salunkhe Institute Of Engineering & Technology,Kolhapur",Maharashtra,Engineering,288
6545,"Samarth Education Trust's Arvind Gavali College Of Engineering Panwalewadi, Varye,Satara.",Maharashtra,Engineering,289
6609,"Jaihind College Of Engineering,Kuran",Maharashtra,Engineering,290
6625,"Universal College of Engineering & Research, Sasewadi",Maharashtra,Engineering,291
6628,"Dattakala Group Of Institutions, Swami - Chincholi Tal. Daund Dist. Pune",Maharashtra,Engineering,292
6632,Navsahyadri Education Society's Group of Institutions,Maharashtra,Engineering,293
6634,"KJEI's Trinity Academy of Engineering, Yewalewadi, Pune",Maharashtra,Engineering,294
6635,Samarth College of Engineering and Management,Maharashtra,Engineering,295
6640,"N. B. Navale Sinhgad College of Engineering, Kegaon, solapur",Maharashtra,Engineering,296
6643,"S K N Sinhgad College of Engineering, Korti Tal. Pandharpur Dist Solapur",Maharashtra,Engineering,297
6644,"Shri. Ambabai Talim Sanstha's Sanjay Bhokare Group of Institutes, Miraj",Maharashtra,Engineering,298
6649,"TSSM's Bhivarabai Sawant College of Engineering and Research, Narhe, Pune",Maharashtra,Engineering,299
6714,"APPASAHEB ALIAS SA.RE.PATIL INSTITUTE OF TECHNOLOGY, Dattanagar Tal-Shirol, Dist Kolhapur",Maharashtra,Engineering,300
6732,"Ajeenkya DY Patil School of Engineering, Lohegaon, Pune",Maharashtra,Engineering,301
6754,"International Institute of Information Technology (I²IT), Pune.",Maharashtra,Engineering,302
6755,"JSPM Narhe Technical Campus, Pune.",Maharashtra,Engineering,303
6756,"Fabtech Technical Campus College of Engineering and Research, Sangola",Maharashtra,Engineering,304
6757,"Yashoda Technical Campus, Wadhe, Satara.",Maharashtra,Engineering,305
6758,"Sahyadri Valley College of Engineering & Technology, Rajuri, Pune.",Maharashtra,Engineering,306
6759,"Shree Ramchandra College of Engineering, Lonikand,Pune",Maharashtra,Engineering,307
6766,Phaltan Education Society's College of Engineering Thakurki Tal- Phaltan Dist-Satara,Maharashtra,Engineering,308
6767,"Suman Ramesh Tulsiani Technical Campus: Faculty of Engineering, Kamshet,Pune.",Maharashtra,Engineering,309
6768,"P.K. Technical Campus, Pune.",Maharashtra,Engineering,310
6769,"Rasiklal M. Dhariwal Sinhgad Technical Institutes Campus, Warje, Pune.",Maharashtra,Engineering,311
6770,"SKN Sinhgad Institute of Technology & Science, Kusgaon(BK),Pune.",Maharashtra,Engineering,312
6771,"Flora Institute of Technology, Khopi, Near Khed Shivapur Toll Plaza, Pune",Maharashtra,Engineering,313
6772,"NBN Sinhgad Technical Institutes Campus, Pune",Maharashtra,Engineering,314
6780,"D.Y.Patil Education Society's,D.Y.Patil Technical Campus, Faculty of Engineering & Faculty of Management,Talsande,Kolhapur.",Maharashtra,Engineering,315
6781,"Bhagwant Institute of Technology, Barshi",Maharashtra,Engineering,316
6782,"Sahakar Maharshee Shankarrao Mohite Patil Institute of Technology & Research, Akluj",Maharashtra,Engineering,317
6794,"Anantrao Pawar College of Engineering & Research, Pune",Maharashtra,Engineering,318
6795,"Shri.Someshwar Shikshan Prasarak Mandal, Sharadchandra Pawar College of Engineering & Technology, Someshwar Nagar",Maharashtra,Engineering,319
6796,"Bharati Vidyapeeth's College of Engineering,Lavale, Pune",Maharashtra,Engineering,320
6797,"Dnyanshree Institute Engineering and Technology, Satara",Maharashtra,Engineering,321
6799,"Shivganga Charitable Trust, Sangli Vishveshwarya Technical Campus, Faculty of Diploma Engineering, Patgaon, Miraj",Maharashtra,Engineering,322
6803,"Sant Gajanan Maharaj College of Engineering, Gadhinglaj",Maharashtra,Engineering,323
6808,"Keystone School of Engineering, Pune",Maharashtra,Engineering,324
6811,Sanjay Ghodawat Institute,Maharashtra,Engineering,325
6815,"DR. G.V.SHINGRE VPS COLLEGE OF ENGINEERING AND TECHNOLOGY, LONAVALA, MAUJE WAKSAI, TAL MAVAL, DIST PUNE",Maharashtra,Engineering,326
6822,"Pimpri Chinchwad Education Trust's Pimpri Chinchwad College Of Engineering And Research, Ravet",Maharashtra,Engineering,327
6834,"Dr.D.Y.Patil College Of Engineering & Innovation,Talegaon",Maharashtra,Engineering,328
6839,"Dr. D Y Patil Pratishthan's College of Engineering, Kolhapur",Maharashtra,Engineering,329
6878,"Dr. A. D. Shinde College Of Engineering, Tal.Gadhinglaj, Kolhapur",Maharashtra,Engineering,330
6901,"MAEER's MIT College of Railway Engineering and Research, Jamgaon, Barshi",Maharashtra,Engineering,331
6938,Shree Siddheshwar Women's College Of Engineering Solapur.,Maharashtra,Engineering,332
6991,"Dr. D.Y. Patil Technical Campus, Varale, Talegaon, Pune",Maharashtra,Engineering,333
14005,"Laxminarayan Innovation Technological University, Nagpur",Maharashtra,Engineering,334
16006,COEP Technological University,Maharashtra,Engineering,335
16351,"Vidya Niketan Institute of Engineering & Technology, Lakhewadi",Maharashtra,Engineering,336
16352,"Yashoda Mahadeo Kakade College of Engineering, Talegaon",Maharashtra,Engineering,337
16354,"DNYANVILAS COLLEGE OF ENGINEERING PIMPRI -CHINCHWAD , PUNE",Maharashtra,Engineering,338
16355,Audyogik Shikshan Mandal's Nextgen Technical Campus,Maharashtra,Engineering,339
16357,MES MUKUNDDAS LOHIA COLLEGE OF ENGINEERING,Maharashtra,Engineering,340
16371,Kai. Nirmalatai Pingle Institute of Engineering & Management studies,Maharashtra,Engineering,341
